machine_speed_rpm,temperature_c,humidity_percent,vibration_level,energy_usage_kwh,production_count,defect_count,hours_since_last_maintenance,maintenance_required,alert_triggered,defective_product
1549.6714153011233,81.99677718293,46.28425956502511,0.55731278132412,116.71329588229217,176,5,90,0,0,0
1486.1735698828816,79.62316841456385,32.640393765609666,0.32141335080658884,124.2418670614835,162,6,80,0,0,1
1564.7688538100692,75.29815184960087,43.952821358779175,0.4640370327547538,100.13282600836098,129,3,145,0,0,0
1652.3029856408025,71.76531611147213,34.439923951652595,0.5301107339191742,99.68242346020043,56,5,149,1,0,1
1476.5846625276663,78.49111656806795,62.329408400368884,0.5183834516322504,92.22914892337577,65,5,60,0,0,0
1476.586304305082,76.96742692710875,67.90752103857884,0.7693033663980497,87.9945779099258,65,5,119,0,0,0
1657.9212815507392,79.47596610013866,32.892659010317544,0.5349800024567908,95.65434615559042,61,5,60,0,0,0
1576.7434729152908,78.17585900840984,68.20460829166805,0.399594540315799,123.18925013608258,84,3,52,0,0,0
1453.0525614065048,80.24776357659667,50.903063973469806,0.4904535752910927,102.14424969016233,70,10,25,0,1,1
1554.2560043585966,72.32382394219717,41.98262711815495,0.3223753666533548,130.27228928462193,66,5,114,0,0,0
1453.6582307187537,81.58697032817163,33.07448301104654,0.4919400250703239,120.69427497505124,81,4,39,0,0,0
1453.4270246429744,75.987998023462,50.02497072281671,0.4166943942999241,80.62991573123892,90,4,87,0,0,0
1524.1962271566035,85.37630436312632,61.780621779629946,0.5915390275560162,133.0995116844338,183,7,115,1,0,1
1308.67197553422,71.55406090955216,58.283459090667925,0.44504597254044653,136.2159729118342,76,3,135,0,0,0
1327.5082167486967,83.67981901582624,32.00904045855895,0.48832340842047534,100.12274650330293,197,6,20,0,0,1
1443.7712470759027,75.98955391731324,32.91607341471614,0.43644421585955967,128.40383085789983,115,2,42,0,1,0
1398.7168879665576,71.74290998192775,46.11493130530548,0.6738851351853331,102.87003525181602,186,4,20,0,0,0
1531.4247332595273,72.58057082972839,41.81161976191773,0.4678757233882088,121.95340753496671,141,4,130,0,1,0
1409.1975924478788,73.3982634590284,39.29537292224191,0.6832557043479202,94.71003186090068,110,4,30,1,0,1
1358.769629866471,77.12082973200958,41.24017995634854,0.5814151762118267,84.13787094930846,52,8,154,0,0,1
1646.5648768921553,77.6141774401775,62.139309731875386,0.5482066727335386,112.34365620774062,152,5,26,0,0,0
1477.4223699513464,72.13149998030711,67.16912214527416,0.5368733147317519,117.52542107450327,104,8,72,0,0,1
1506.7528204687924,74.87822703869509,46.20410778110266,0.5393797298216252,112.04640612770793,50,5,184,0,0,0
1357.5251813786542,85.71135179305932,66.24444008529989,0.307232742065439,96.3193888355488,150,7,96,0,0,1
1445.5617275474817,83.63771585050355,42.85982804991528,0.4721116605849244,112.00201875737726,94,8,160,1,0,1
1511.0922589709867,77.18161834837016,49.05747945375167,0.5845157971184322,125.38589505161468,75,3,89,0,1,0
1384.9006422577697,75.190017390841,39.04115991263999,0.49511028165258947,119.10213939754927,170,4,43,0,0,0
1537.5698018345672,75.60015663359131,55.61904168703376,0.3594810153196425,123.65002061198427,191,6,42,0,0,1
1439.9361310081194,78.06758986365209,69.15924460699236,0.49475955494225304,106.59769599091534,95,4,30,0,1,0
1470.8306250206724,69.88603717400797,54.13972384173515,0.6704105516255492,143.4343582943232,171,4,116,0,0,0
1439.8293387770602,73.71311731288327,44.31256336454196,0.6246891715534719,96.47653326890439,80,6,192,1,0,1
1685.2278184508937,66.65707963061206,55.91269783962113,0.4937995990633968,129.75120594173438,108,2,75,0,0,0
1498.6502775262065,76.99611561302639,34.9168271386155,0.5951449277058086,143.63782185919922,78,4,144,1,0,1
1394.22890710441,78.2359796985137,65.54636321061594,0.4633492979631948,129.6181618549779,155,2,142,0,0,0
1582.254491210319,72.58406768850313,50.123358031193455,0.3296128413173281,115.9495154587034,66,8,33,0,0,1
1377.9156350028977,82.86993381645016,47.97398968158568,0.40755340118704453,109.43405906674042,191,7,79,0,0,1
1520.8863595004755,68.8711716849883,53.434591538140765,0.6562888768508198,140.72175302092512,73,2,3,0,0,0
1304.0329876120225,67.6781255989509,54.9913545115761,0.4726006918170696,91.54050149476654,158,5,71,1,0,1
1367.181395110157,76.12225909279987,32.87103224906052,0.4756616020624982,100.59751479240713,140,6,97,0,1,1
1519.6861235869123,80.23549151306077,57.304688848936095,0.4700161803725119,112.04884469016557,74,7,109,0,0,1
1573.846657999541,83.41963845728934,39.67726721262118,0.6904136589573007,144.75307515023997,81,7,27,0,0,1
1517.136828118997,72.7055786856553,58.55810530026359,0.6625958915362063,127.59535272081791,165,7,129,0,0,1
1488.435171761176,80.39340416715648,62.90139177536787,0.7218780233448134,100.6390848297951,131,6,16,0,0,1
1469.8896304410712,74.80745765249647,62.15834030210081,0.4840954789599949,113.79384589230193,159,5,57,0,0,0
1352.1478009632572,74.1368635002959,52.100038696315565,0.5295624488747095,107.71353711807411,195,5,126,0,0,0
1428.0155791605291,79.41829968743336,50.80679569243004,0.34833574505792086,105.8042201553293,86,8,8,0,0,1
1453.9361229040212,78.2616143920671,35.71503845357647,0.6476934426118275,139.57779117113557,75,7,30,0,0,1
1605.7122226218917,67.11803921507875,61.01384601612543,0.3832220448732065,92.56513741472989,186,4,193,0,0,0
1534.3618289568462,82.38270174862947,40.856375217868575,0.5216775563762629,152.17561711468747,113,5,87,1,0,1
1323.6959844637265,81.90045677073726,49.86781691271786,0.3902697472367156,136.56459380369245,121,8,61,0,0,1
1532.4083969394794,71.87218649245236,41.370963717100665,0.4411133173261304,141.81723341207396,197,5,18,1,0,1
1461.4917719583684,76.97901766718705,35.35313451998773,0.41627375689503,110.74120975949484,155,2,80,0,0,0
1432.3077999694042,77.4701509314137,55.182307875669466,0.4392124739324182,117.00118561841781,135,3,106,0,0,0
1561.1676288840868,76.30336882911953,32.17328139291615,0.44608772968510213,91.33696370950577,102,7,54,0,0,1
1603.0999522495952,72.2484742307729,59.945809365048,0.4451731205074923,109.50675185866393,141,3,155,0,0,0
1593.1280119116198,71.64188316030975,42.70347181044467,0.5833333911780307,129.87309695286302,148,8,111,1,0,1
1416.078247677736,74.87222964504278,30.005387720179414,0.389513720693748,145.92126123562792,60,1,122,0,0,0
1469.0787624148786,80.86364509629682,50.44516556948919,0.5220541427013867,97.85686366395097,80,5,177,0,0,0
1533.1263431403563,77.71800077297216,31.874076341104125,0.6217959152305559,112.68988126029468,149,3,64,0,0,0
1597.554512712236,73.14692833956947,41.04678231283598,0.44868036354866037,116.97401559534956,136,5,123,0,0,0
1452.082576215471,78.85849355324173,58.27905949822865,0.4282081109252398,92.0842159561503,196,5,2,0,0,0
1481.4341023336183,60.75728689684962,32.50758486487464,0.47694753748197494,131.826984835168,189,2,179,0,0,0
1389.366502599397,80.74382850186052,63.5735396942401,0.617972520836071,105.52019336514782,64,7,137,0,0,1
1380.3793375919329,66.3014311061095,30.152796906343326,0.5194107630953357,116.09219297645951,150,2,20,0,0,0
1581.2525822394198,73.18779529298433,39.87295476807609,0.4468785705392401,110.96101256176244,78,4,36,0,0,0
1635.6240028570824,69.40165052686928,59.63616224608286,0.548387665118804,104.21322988560651,163,5,14,0,0,0
1492.7989878419667,68.52659262139547,42.65080598917227,0.38977078501635765,119.85910029038891,156,4,86,0,0,0
1600.3532897892023,80.8041339368926,34.075695522640544,0.5681359510442948,115.68780842863956,157,4,119,0,0,0
1536.1636025047635,72.66149399344054,44.40935675201712,0.5408607307701767,112.56284235442669,179,5,136,0,0,0
1435.4880245394875,76.73251940865357,40.81573145538102,0.4692191528861116,105.43076756639314,133,4,43,0,0,0
1536.1395605508415,74.76539710560408,63.708476086422195,0.4161414201552769,126.39049341565911,64,4,38,0,0,0
1653.803656646597,77.3852041361156,42.53391670340572,0.4113319077716543,153.0723453698457,181,5,132,0,0,0
1496.4173960890048,75.38410945530127,61.55729887104029,0.553481733634591,122.79774465678254,99,7,24,0,0,1
1656.4643655814007,68.58503887905715,65.6748857924294,0.6228980502489062,139.9223642982226,72,6,55,0,1,1
1238.0254895910257,79.9813340972357,47.35269678306118,0.43626922529712053,92.19556149693075,108,6,120,0,0,1
1582.1902504375223,72.53121708419344,66.39772575417568,0.5458386703551484,123.1552287858754,139,8,89,1,0,1
1508.704706823817,67.21709050670124,45.092722158527714,0.2912972981397931,98.05263362057866,164,5,63,1,0,1
1470.0992649534132,72.85942419517043,68.56313665960433,0.44153822693428,90.46150144936198,124,2,199,0,0,0
1509.1760776535502,82.50379895317155,33.57158098102292,0.4968941067129098,105.21257185081927,172,4,179,0,1,0
1301.2431085399107,79.25110871056746,57.48077066012971,0.40903165830181665,143.83798668827146,185,6,88,1,0,1
1478.0328112162488,73.2567393279607,49.75256161827715,0.40634936252104037,139.00031657339292,188,3,111,0,0,0
1535.7112571511746,73.25371147840785,45.505952218225886,0.4332220443531114,124.860094441088,67,3,75,0,0,0
1647.7894044741515,73.39182474391309,55.30847514994404,0.5292192728326374,89.34598880220139,99,5,136,0,0,0
1448.1729781726353,85.3837399178042,58.15428366537325,0.4812670981593625,116.07438697224126,191,5,137,0,1,0
1419.1506397106812,76.90967726115777,30.17453078601236,0.2761768766675028,126.03400017803472,167,6,9,0,0,1
1449.8242956415463,77.15020823595535,36.67812354988795,0.28792998473649334,123.51072459157196,186,2,61,1,0,1
1591.5402117702074,80.15141727015921,58.52184202537275,0.43931348221428246,83.12412833038508,188,6,89,0,0,1
1532.8751109659684,76.19394579513256,56.655416543128254,0.5457686586053552,102.19364303960256,157,4,59,0,0,0
1447.023979623296,73.70478927089648,68.6419002051471,0.22524951572747653,118.71844471702566,116,3,146,0,0,0
1551.3267433113356,74.0182507545751,60.44151161003132,0.45002698238483696,130.7258181903438,127,4,106,0,0,0
1509.7077549348041,74.64199370292968,68.03090830925352,0.4473752143482579,76.07744357800107,124,2,37,0,0,0
1596.864499053289,74.81388881745079,58.10162006139228,0.6388337778208448,116.75752049040283,88,6,133,0,0,1
1429.7946906122647,78.6381477181849,41.92208834557773,0.46149781882871366,122.86097539757904,74,8,142,0,0,1
1467.2337853402232,75.2597294290365,34.21459689003426,0.5382988984740928,136.99223977032426,70,5,46,1,1,1
1460.7891846867842,78.66320038607789,61.272954533797424,0.5141257140087463,133.85715168474874,187,6,172,0,0,1
1353.648505186788,74.59641709945708,55.76596885903663,0.2869433520192799,131.65142637617612,64,5,132,0,0,0
1529.6120277064576,75.39317595158045,31.92744049573185,0.5768207216631738,104.00118986596132,97,5,77,0,0,0
1526.105527217989,65.00899657733946,44.40201863603913,0.5215396505456288,81.83995725753385,135,6,52,0,0,1
1500.5113456642462,79.5816383735124,68.27199261937145,0.550826863967459,112.13894485877198,198,4,193,0,1,0
1476.5412866624854,76.73244237948997,50.01604582840805,0.8926237706436326,140.0326365041712,165,4,61,1,0,1
1358.4629257949587,79.99005054929826,47.309165440788185,0.29158870605014114,147.86909055048864,99,5,22,1,0,1
1457.9354677234642,60.518723109031555,48.307984206371756,0.6724696649761108,134.21098204595572,190,5,43,0,0,0
1465.728548347323,85.44187352390364,38.35530896020655,0.47125524805996444,128.58681645603468,118,4,51,0,0,0
1419.772273077838,74.30205185922414,44.74828683459181,0.5287328904403009,127.5927929677193,53,4,45,0,1,0
1483.871428833399,80.54091408368758,44.792530239487064,0.49544877546987576,108.87762506478438,127,7,146,0,1,1
1540.4050856814538,69.80047036437234,32.09420080749889,0.45757636666019563,117.3987941289276,58,5,83,0,0,0
1688.618590121053,78.06386952531285,60.70270514071673,0.4430167071761241,153.3813905165266,170,4,46,1,1,1
1517.457781283184,69.73292218413172,46.66017727615516,0.5329508735573009,101.14883988416247,164,3,90,0,0,0
1525.7550390722765,71.88115519652098,62.887195472656934,0.3482826303328321,152.29557581419704,150,9,51,0,0,1
1492.5554084233834,84.57015676933393,64.01392004479581,0.5750579167521765,113.55943691015884,198,6,23,0,0,1
1308.1228784700959,74.04658799618326,38.47976218794632,0.4583805595114746,146.50864218190156,195,6,144,0,0,1
1497.3486124550784,76.08716436589862,56.29413928680514,0.38699306609596423,91.86369981004924,146,4,88,0,0,0
1506.0230209941026,79.35033865344377,48.89127216651927,0.4549987142004186,131.718084023293,130,7,173,0,0,1
1746.3242112485286,77.47840943986303,65.20626951685941,0.6257149216862573,105.26459728104756,92,6,63,0,0,1
1480.7639035218876,75.75209452571788,38.62962716705816,0.4464664912983777,91.69465616151625,144,6,118,0,0,1
1530.1547342333613,76.82480501233113,57.11252801240177,0.535845361820962,124.37068084821891,55,2,155,0,0,0
1496.5288230294757,87.01707792619138,54.310084890108904,0.4269043724284527,140.18943577191936,116,6,177,0,0,1
1383.1321962380468,74.71190601483207,41.81205910287331,0.575792184992362,103.10117122813007,189,4,63,0,0,0
1614.282281451502,76.00549523357483,35.46403614604691,0.5685507738790204,90.01968079083198,149,7,155,1,0,1
1575.1933032686775,80.25327198003806,56.065590419091066,0.6848608833296411,118.1631047133009,61,8,85,0,0,1
1579.1031947043048,80.52762966478991,59.54389832529323,0.48244360545007847,118.25129342445638,115,6,55,0,0,1
1409.061254520526,80.9351515278019,42.625093750534,0.5668654804757907,130.96639255108997,51,3,58,0,0,0
1640.27943109361,78.19365111014592,55.79330416089255,0.5098067539538944,138.99189142728977,192,4,132,0,0,0
1359.814893720772,69.28497543634758,45.80523630446013,0.6295871781863014,118.81169637455012,130,5,181,0,0,0
1558.685709380027,83.16715766150548,58.52827533130471,0.42811676123912695,157.11006629588525,184,3,171,0,0,0
1719.0455625809977,69.26827303490656,37.96861099576213,0.5745005312877282,124.48469489070584,191,5,169,0,0,0
1400.9463674869312,76.51317732619516,65.60860010544698,0.48053027038833185,113.07146987986201,119,8,199,0,0,1
1443.3702270397227,71.22862074990321,41.49638385862319,0.4935811822891502,87.76865281794343,164,8,124,0,0,1
1509.965136508764,74.67930826703504,44.711439510246116,0.5091752484448373,114.74680959367664,137,5,184,0,0,0
1449.6524345883802,76.6438120515174,32.32367808321399,0.5252240396426677,113.27226109177728,55,5,46,0,0,0
1344.9336568933868,76.60678607725137,34.460488492851056,0.4883770956878042,139.2060959256294,76,8,120,0,0,1
1506.8562974806027,77.10960377117642,50.634476108493125,0.5214713183170526,129.2496724813371,131,5,152,0,0,0
1393.7696286273895,83.06855634529323,40.70370706911886,0.6578118057562184,96.41261756734765,137,4,101,0,0,0
1547.359243063518,77.2676715075699,63.41920902968778,0.5985449685615218,123.44508772822076,169,3,43,0,0,0
1408.0575765766198,73.77921682354676,30.587735546198154,0.5869154592496897,133.43062343458107,73,7,14,0,0,1
1654.9934405017539,79.82043584144179,45.16376194687744,0.4544460473976129,150.56062718775667,151,4,104,1,0,1
1421.6746707663763,80.9473524446232,43.49382187076371,0.41107591717716757,137.7500793482812,83,4,50,1,0,1
1467.7938483794323,68.86196092431504,30.77310523670404,0.5955300558237753,135.21693308622955,96,5,52,0,0,0
1581.351721736967,77.98700034924929,34.97473596002041,0.5876046792529794,121.20171989230327,73,3,33,0,0,0
1376.9135683566044,78.5058637115545,46.54570699674541,0.6472670675750982,127.76624010846899,114,5,123,0,0,0
1522.745993460413,73.51218248320004,49.71458337789787,0.43960193740307707,144.99009801412316,67,4,76,0,0,0
1630.714275428243,81.8785340665581,46.17158989019477,0.4770451344639653,93.344452050407,93,6,135,0,0,1
1339.2516765438772,74.24972206483737,51.23750713648376,0.3360515837474566,113.01121345566088,125,5,122,0,0,0
1518.4633858532304,75.6278822673577,53.80526699622726,0.4607528893939127,104.54862502487518,106,5,69,0,0,0
1525.9882794248424,74.13464087858065,30.396952845113425,0.5996570510579448,127.58306237452248,156,2,20,0,0,0
1578.182287177731,75.07789523790734,48.56380637814016,0.4533504620771802,144.60444351301575,173,5,107,0,0,0
1376.3049289121918,69.518624565524,68.53996963550352,0.5640479795200823,108.06051426557852,188,3,107,0,0,0
1367.9543386915723,67.79974558702853,50.76129120518195,0.48094968940021887,72.19391265061124,165,3,134,0,0,0
1552.1941565616899,82.97252531612486,57.10169069835813,0.532405702822156,111.7555850995106,142,5,89,0,0,0
1529.6984673233187,70.76519325840836,42.474554316675324,0.3852308610184333,138.26947464034814,91,4,78,0,0,0
1525.0492850345877,70.04303825271846,60.959655126110505,0.5085209449633901,130.7525980589976,77,3,183,0,0,0
1534.6448209496975,64.23304943198143,60.9168592750446,0.20088640290992765,128.56372495621153,172,4,176,0,0,0
1431.997527842151,71.8051912615525,50.85184190616556,0.4813103841838015,114.40013396251041,73,2,41,0,0,0
1523.2253697161004,68.3845510329625,69.04055293116855,0.33695267562848596,94.41938527560427,185,6,150,0,0,1
1529.3072473298682,83.21007580068185,35.02200859050613,0.6205994516546816,130.30588643248936,155,7,51,0,0,1
1428.5648581973633,80.04908544671318,30.677906595583238,0.5777407352764511,103.3143637993075,167,3,101,0,0,0
1686.5774511144757,71.55924827411138,60.80632847028384,0.5466670981966081,163.68193466760914,102,5,104,0,0,0
1547.3832920911786,86.26217902672154,62.2862214945953,0.652100622715938,131.41014416709032,181,4,78,0,0,0
1380.8696502797352,79.90882743495797,34.80828916482305,0.40510834791751626,108.38703394892099,149,6,111,0,0,1
1565.655360863383,73.37584308245688,40.623313318344245,0.6747363197915558,107.77229505222743,54,6,180,0,0,1
1402.5318329772679,62.50297142563213,30.702094534665157,0.5932191564260385,118.14111586772823,98,2,103,0,0,0
1578.7084603742453,86.45471286295371,41.732344431222586,0.4763444712781054,115.209961559565,147,2,15,0,0,0
1615.8595579007404,68.05213766618202,60.92567495674686,0.6135620147182944,142.3366755105991,79,5,95,1,0,1
1417.931768164829,66.77300626521554,50.71842110850316,0.3893706487588366,123.72832339488093,121,2,36,0,0,0
1596.3376129244323,80.1128521600482,43.92382372673153,0.41754858384723265,105.36736522182943,152,7,145,0,0,1
1541.2780926936498,87.19876203169636,44.86957179625321,0.43914102767602997,157.80881370311565,112,4,147,0,0,0
1582.206015999449,81.9213640925526,30.054145028618727,0.4471022291935985,120.98616663040445,75,5,45,0,1,0
1689.6792982653947,77.8195456002618,41.992021102609435,0.3943442357239747,135.37679351937794,86,7,1,0,0,1
1475.461188399713,77.97377170832642,55.858349665517224,0.6223083067095325,107.83546985110482,56,5,118,0,0,0
1424.626383564251,79.26707779390154,68.96777775265429,0.4741145599630168,127.26231255489047,176,7,86,0,0,1
1411.0485570374476,78.79464294893383,63.88243307935598,0.5352504968356879,126.2221998228639,141,1,93,0,0,0
1418.418971503456,76.40595711984687,30.943798585821163,0.44296486335863194,82.20701415807694,152,3,190,0,0,0
1492.2898290585895,75.52100551975938,65.94242418699358,0.3179396699451483,160.30550220921282,102,4,2,1,0,1
1534.1151974816644,74.6870343605024,61.32793653194504,0.5270057358391422,145.81288921845095,181,9,173,0,0,1
1527.669079933002,71.23017705566662,61.215044942839214,0.3087745024580223,112.05609367708024,157,4,110,0,0,0
1582.7183249036025,73.59662461566613,48.31983036014286,0.49313659539145316,97.95460519088289,161,5,176,1,0,1
1501.3001891877907,66.53521592902307,45.92021171818011,0.363168496116719,126.95123227607104,56,6,0,1,0,1
1645.3534077157317,74.50830186602624,42.11662915332771,0.6987275999230809,121.73395398828794,116,6,104,0,0,1
1473.5343166762043,70.05704446424541,32.62779435817463,0.5911362722174722,127.11337897126458,157,3,21,0,0,0
1772.016916658962,69.48205341392115,39.12941453974796,0.510575379127148,123.83154792388179,160,3,141,0,0,0
1562.5667347765007,75.8994707557674,39.864145399120986,0.6263706677654669,130.1248197861185,197,5,172,0,0,0
1414.2842443583718,81.96001143172299,49.363082788408065,0.4153684022534264,148.94611398783613,132,7,133,1,0,1
1392.9107501938888,79.59158303001156,59.897776263867755,0.5543479378670093,131.36206410257293,173,6,64,0,0,1
1548.2472415243185,67.14749698188412,48.952393135917866,0.5199810433718713,99.00689002180118,188,6,20,0,0,1
1477.653721467415,70.05185931714831,32.313777977886424,0.526402008133367,147.25125705424904,153,4,3,1,0,1
1571.4000494092093,79.70385593994108,68.31159203952816,0.6272353500106768,152.81229126976575,116,7,130,0,0,1
1547.3237624573544,70.08756303230845,67.70897276376449,0.5732492102779803,183.0411346902417,56,4,112,0,0,0
1492.7171087343127,73.87683425001488,61.40758172593634,0.5288723662825023,97.53011933520804,159,8,29,1,0,1
1415.3206281931596,77.75026049512276,69.65311606256881,0.3345112563771704,124.8576402630055,83,5,30,0,0,0
1348.5152775314136,70.15827772568183,51.779293312010516,0.40399537047205364,78.35802593622026,155,5,161,0,0,0
1455.348504793298,75.5268775307298,68.51073401012825,0.48772910664042757,131.06298312758418,196,4,19,0,0,0
1585.6398794323472,68.32987252540897,33.02420162467003,0.5093372374276651,109.03599403666455,107,5,53,0,0,0
1521.4093744130205,71.99316178024394,44.62722993045485,0.3869796275326076,158.46891589649906,58,2,125,0,0,0
1375.4261221288011,76.59890967071269,39.01525072027063,0.7411676675578421,104.50770059962836,97,3,152,0,0,0
1517.3180925851182,67.03503133234166,37.8333233653708,0.6516394055253573,86.21633924065478,164,7,14,1,0,1
1538.5317379728838,77.20237368980199,35.632117955707045,0.5602118320392484,110.5747251859496,90,5,165,0,1,0
1411.6142563798867,74.9018110053666,54.896545662639866,0.5072036861283745,80.49024457565724,97,6,150,0,0,1
1515.3725105945528,77.76244977208574,61.2528742298922,0.47877910300988485,135.0219890901462,74,7,179,0,0,1
1505.8208718445999,76.11957067032331,53.131935976814425,0.4048081539977764,78.69833907487359,165,2,193,0,0,0
1385.7029702169377,81.82070214986922,35.878508383528384,0.5077480518518862,120.56915162366317,127,7,184,0,0,1
1535.7787360348284,75.62612251323954,62.444950797338834,0.525775254014275,78.44376360287606,157,5,56,0,0,0
1556.0784526368234,72.85297229437373,55.438188286549135,0.3758239424518376,113.59404390926716,74,5,78,0,0,0
1608.3051243175278,75.61148751516141,45.52662824507982,0.5334176417244898,152.86756311609068,196,7,179,0,0,1
1605.3802052034903,77.71649014518194,56.96521182144252,0.48447409511752515,127.2129578287159,88,6,162,1,0,1
1362.2330632042908,75.24430035162852,40.39619916971331,0.3092192442122609,102.73012790070132,168,5,13,0,0,0
1406.2174960084876,75.20295845601942,43.80768833976842,0.4139614989220498,119.37593022121833,128,0,90,0,0,0
1551.503526720866,71.49004156096622,66.69943372527962,0.45863944665783557,120.36033744088893,129,7,13,0,0,1
1551.3785950912209,71.68549541224526,41.62018022685682,0.688768765734019,129.45260691686812,76,5,98,1,1,1
1551.5047686306048,67.98697364100153,48.799530726317464,0.5556553124533758,92.66283273438347,153,5,32,0,0,0
1885.2731490654721,83.74788371593469,65.60564549584058,0.3664518430900109,131.85134547694662,123,6,179,0,0,1
1557.0890510693166,68.78068382304357,58.3088540107011,0.5486036289417637,65.9121673679445,117,8,0,0,0,1
1613.5565640180598,71.53547401102047,32.488129046588114,0.34526960110616345,107.40230895272379,196,4,33,0,1,0
1595.4001763493202,71.40796367215401,35.89212177115881,0.6082691053887074,110.23452315096911,77,6,18,0,0,1
1565.1391251305797,79.47462188472221,30.313663630876672,0.45288753481821215,132.66653652142477,172,4,151,0,0,0
1468.4730755359653,73.52525160853986,55.236871609166535,0.49063638112608293,120.45261705353738,187,1,3,0,0,0
1575.8969220493268,81.23871036336867,47.906937016416734,0.632579664754219,91.88873892287427,132,3,163,1,0,1
1422.7174785462428,71.63254687878066,35.37099403609102,0.371283643141575,100.3001374836597,79,4,76,0,0,0
1476.318139325999,76.39497081111901,68.31736484227082,0.3602881814887009,123.97360019094813,71,5,57,0,0,0
1451.4636452170896,70.82326473370121,51.186388957824796,0.4416400673653995,118.41865316270888,52,4,159,0,0,0
1508.1874139386323,85.72574563886694,39.67573176451557,0.6038378851019317,108.41751780728507,150,5,136,0,0,0
1731.4658566673509,69.06200790485244,50.0241428461883,0.3480653924523157,110.38332420976042,154,2,102,0,0,0
1313.273480740825,76.54910355113513,57.18481330940431,0.2167844401889431,133.92335994318577,51,2,66,0,0,0
1568.6260190374514,78.16888440466049,33.04956871894258,0.45488411415910013,109.6461485426157,103,5,115,0,0,0
1338.7284128810347,77.0689954872575,40.98815260191568,0.555174079991092,118.23817511941853,55,5,147,0,1,0
1452.8068134210566,74.07356170561145,62.278619635359746,0.6200261749738829,163.39873176161086,156,5,119,0,0,0
1608.8950596967366,74.35089650133287,48.38659481610645,0.4536838637914601,91.52634726232154,172,6,189,0,0,1
1506.4280019095463,75.21905735989554,51.86308568129179,0.4588573392883998,82.96314536850683,51,4,185,0,0,0
1392.2255222070694,74.26498999185756,47.31264008837877,0.6153900734255747,135.67179329597212,160,9,21,0,0,1
1428.4696290740033,79.81939558397455,31.755997705720205,0.3130258300304579,106.42713877411794,51,7,111,0,0,1
1567.9597748934675,86.05261500795676,36.62999119280624,0.46114792248169906,113.6352494451476,142,2,194,0,0,0
1426.9633368282864,72.21254107496082,47.821665549675636,0.5190423889925058,104.37687243737771,150,3,74,0,0,0
1521.6458589581976,68.15098510210461,38.36741861631711,0.5449218721285034,114.80399718464975,146,4,175,1,1,1
1504.5571839903814,74.55858975824373,31.99916114638715,0.4490193306809117,151.97076224192682,160,6,135,1,0,1
1434.8399652394182,87.8985466882716,63.74598656207295,0.5034441011705841,136.0425691723624,55,7,142,1,0,1
1714.3944089325325,70.98162716015135,69.24770116656464,0.25116726465870104,137.24447023773953,176,4,31,0,0,0
1563.3919022318012,83.19558402722033,61.72571495986958,0.43417515876661517,91.67545888414709,153,5,180,0,1,0
1297.4857413342393,83.3885040703822,64.15139686818668,0.5453508712554468,96.97692526894261,196,5,66,0,1,0
1518.6454314769428,72.23205879146003,39.67908521268181,0.40177059657453207,63.21842681029146,50,3,3,0,1,0
1433.8213535231612,77.84491539592638,68.42507902052799,0.5058984221589597,103.81238357834492,82,3,29,0,0,0
1585.2433334796224,83.14198311564269,37.87702817813714,0.5446872500802697,139.13406372771317,89,7,12,1,0,1
1420.74792615673,73.10436129506256,68.05719241447329,0.4657450799142235,130.33893031496743,81,3,20,0,0,0
1488.5263558533102,73.98209819948819,69.79277175863804,0.5170463770996571,115.56973474095753,66,8,40,0,0,1
1550.4987278980457,72.09159543025677,58.46891222984195,0.40372674347153875,119.55399432563894,175,8,120,0,0,1
1586.5755194170122,69.92621634653567,69.24574927167288,0.4793388720303953,106.22228914849188,57,5,18,1,0,1
1379.9703592944225,71.75361227466996,52.781591182684146,0.5610216169589223,124.09517764803569,106,5,47,0,0,0
1466.5498764159051,68.88029866618872,40.38167132704361,0.5156972960968434,135.3175655896123,91,3,85,0,0,0
1452.5054688839043,75.17041734129613,47.47983542662483,0.4413468730436064,87.68226425179054,147,3,62,1,0,1
1434.6670767426288,71.15013384470679,53.74243741515144,0.5224216404290793,125.99295375674696,186,6,147,0,0,1
1676.5454240281097,76.16892955895374,32.9232624810806,0.5714609790636618,138.64869741909334,169,5,191,0,0,0
1540.4981710960956,67.22052176898187,54.89373058468985,0.29500587214225216,111.69799422073261,136,4,36,0,0,0
1373.9116045664955,76.65440116107229,69.24711347049178,0.6159074064955898,134.01401224241167,103,6,30,0,0,1
1591.7861947054776,79.16764480804463,37.60430599134911,0.4663745261318928,176.29308888945104,133,3,73,0,0,0
1712.2156197012632,65.03132178714273,61.703804651535336,0.5425489933240231,117.91314414026216,74,12,145,0,0,1
1603.2465260551146,76.87028284923787,66.31595175118477,0.6197246923645228,127.86614100010647,116,1,106,1,0,1
1348.0630034045987,81.13834496236646,67.74806371280883,0.3628326302769534,105.23885832677217,95,6,102,0,0,1
1451.5765927133748,68.95179490654397,68.40542417621789,0.42905589975724534,123.625023252041,71,1,109,0,0,0
1626.6911149186624,83.36286193418852,50.85838554885888,0.4711451304124295,129.20543249964607,188,6,19,0,1,1
1429.233053438122,77.09509504683022,69.09231631966014,0.42162464788755716,123.89684680540276,57,1,138,0,0,0
1544.3819428146228,71.47494072120796,60.292408285377554,0.6734936575836808,99.60609360582286,88,4,85,0,0,0
1577.4634053429336,74.72115461171147,36.466857449478475,0.4143227906173207,124.12723542650902,98,3,43,0,0,0
1407.3069528421918,77.7916345626086,49.0760042587188,0.4444453220513133,149.24391877435272,95,3,81,0,0,0
1494.04746439382,75.38002695706206,58.73324701488016,0.5204389031602977,128.97271529029055,87,5,63,0,0,0
1175.8732659930927,77.69377996223184,39.893612632763336,0.3797850473923911,139.23974378143683,185,5,121,0,0,0
1397.561235866571,70.39663203460317,55.624607341955496,0.4604319288243736,115.25976059974745,103,5,161,0,0,0
1474.7431848606839,75.8468041201804,56.66401916186477,0.5317453261250176,134.99800478847422,141,9,86,0,0,1
1375.2216818035151,67.9314275154751,36.50798975234264,0.4667139595617489,125.58535676433051,89,3,64,0,0,0
1663.2411303931635,74.4438696932565,52.60341249811025,0.4906613141100052,100.98178540625536,83,3,54,0,0,0
1356.9858622039367,70.48046179267605,60.8650764391443,0.4470667887551629,126.3704200959775,145,6,73,0,0,1
1455.9955513303016,71.32235028705117,49.95582658143768,0.3485529690819233,100.1660667311938,128,6,116,0,0,1
1513.0740577286092,81.18046587605218,30.4841246710443,0.5321593211339238,107.34239450230416,176,3,128,0,0,0
1644.1273289066116,80.45655060297135,30.361538763171687,0.6754933071647242,123.78656614584749,66,7,165,1,0,1
1356.413784882056,78.04569060453588,44.28117375880049,0.5018401630783438,125.94488546760248,159,4,136,0,1,0
1616.316375215496,69.5384361766371,67.04776273727128,0.522526411724755,96.21535069845741,101,1,94,0,0,0
1501.0233061019587,73.41795775152599,39.14707118414435,0.5692722755116859,141.07971542365752,167,7,198,0,0,1
1401.849134895205,81.06548849989592,55.37454755486749,0.3730669503453301,131.44012556600947,58,7,144,0,1,1
1546.2103474263272,75.70858456819953,38.88303482773282,0.6702514658129606,105.90543128778232,82,2,98,0,0,0
1519.905969557347,86.59664769990847,42.866799586381944,0.5202328796422802,89.24830407101649,162,5,111,0,0,0
1439.9783122841204,76.96658919697185,63.92168358405936,0.6631856899089109,117.10190841837138,198,6,51,0,0,1
1506.980208499002,75.96024558245016,59.15445769079788,0.42669670044760105,111.08112572277679,134,9,145,0,0,1
1461.468640313824,73.4544176789875,33.81597109252843,0.6818061922557825,122.26280914106046,59,3,190,0,0,0
1511.3517345251248,75.66770452391141,47.14808083945734,0.5775155494034783,112.73766677688867,55,4,32,0,0,0
1566.2130674521047,74.23765081809728,31.166790545810578,0.5553040085852359,79.8508627850998,164,10,3,1,0,1
1658.6016816145352,78.54054338344295,49.23560586412036,0.5234024454353148,112.23306123397683,170,4,86,1,0,1
1376.2184501173151,79.78351158397292,56.49736046804272,0.47514713819255505,113.88761777863374,190,4,74,0,0,0
1713.3033374656266,71.07005269746026,34.74010494392606,0.6200531658473872,132.6732204954812,114,4,179,0,0,0
1304.79122004775,68.3438352322111,41.55539755636663,0.5140359869848047,106.036006507779,69,7,8,0,0,1
1484.8214904964416,65.81897313448351,45.91346502008628,0.3032930296412848,153.57349346745133,106,8,63,0,0,1
1558.8317206484576,77.53995663456271,66.78124098624198,0.38828135382929974,81.76718898696487,95,6,29,1,0,1
1528.0991867735033,69.48316696913064,69.73020061691855,0.4814154247807253,146.2233499560525,185,6,135,0,1,1
1437.7300480179406,64.23554703523759,31.796451959824633,0.5309998983165555,115.51362058243791,59,3,132,0,0,0
1479.1877749642724,76.94289302265481,60.44031693981568,0.4943411511100104,137.19169744687113,162,5,75,0,0,0
1450.6999065341167,87.46499758716395,44.86896265609373,0.6218970789793663,121.59602968117466,188,6,190,0,0,1
1441.0635243055788,74.96964544230053,45.6983274491792,0.30488981359613754,142.79111072050938,61,2,128,0,0,0
1584.9602097021025,79.19245387225821,60.17059893388091,0.5143587936505161,112.25276070894378,187,8,14,0,0,1
1535.7015485965048,75.40914679273783,66.73705728581635,0.3182020774612845,98.02759149644376,60,5,88,0,0,0
1430.7090404739347,74.50555173404429,68.03714378010193,0.5759712295484168,148.41008574542127,167,4,165,0,0,0
1589.959987543325,79.59538241493884,53.08490344153283,0.4905541285557997,117.73038708235718,88,4,169,0,1,0
1530.7299520876609,73.54862727905675,44.28484637202011,0.5419609972024119,124.43116947248421,102,2,127,0,0,0
1581.286211883896,76.33696157035952,61.50196343435117,0.41361170394102337,144.69503828089591,105,5,173,0,0,0
1562.9628841923611,76.60848903098007,40.04005533049201,0.6279464931657751,99.3608951581113,153,5,180,0,0,0
1417.1004989077928,71.65954773178476,52.56296115334071,0.6041724664058852,131.90981795278515,178,4,25,0,0,0
1443.981895980303,79.96021174768262,44.34313846099492,0.5583544303011888,108.20210487074218,105,2,60,1,0,1
1574.7293605123261,74.12520121652295,56.26524294831505,0.4870482753136559,117.35661288711256,167,4,122,1,0,1
1561.0370265433464,71.22127420253578,39.61595651574028,0.5579857285295132,121.44557930768578,181,4,66,1,0,1
1497.9098406035853,77.68254921785201,37.66371782939303,0.4293107432012651,89.99556277106129,79,1,181,0,0,0
1511.7327383308782,70.50766009104481,66.72956346701748,0.5855555659020713,104.42325914359131,61,8,149,1,0,1
1627.7664895788425,75.14090578684564,34.072147317981475,0.6649480894323921,147.0214578482628,84,4,25,0,0,0
1440.842861116417,74.95440501677898,50.23831630939726,0.6070610559979186,137.72382377169592,126,10,82,1,1,1
1554.7097381170038,80.42947782915789,38.83411131852036,0.42703975301925906,118.7472084534553,151,6,107,0,0,1
1479.7807347566106,77.37349116439977,31.5571985330267,0.5361417317273103,124.86246917025787,136,3,110,1,1,1
1478.231879677278,74.87486520627428,31.440752731657057,0.3706858456241352,114.11514988727085,101,6,59,0,0,1
1609.877685198719,79.08883149600143,37.00887088423309,0.5572390311175676,147.13166771655963,129,4,38,0,0,0
1582.541634898803,81.95103774508657,64.67081418024,0.5450603412862539,115.99294844411672,184,3,122,0,0,0
1581.3509636000638,77.78905153175931,41.29914975908107,0.31301836604678357,124.63684184269697,71,2,35,0,0,0
1630.547880715433,75.0517630992169,68.01836682301183,0.3838216156087636,142.9206028828413,124,3,20,0,0,0
1502.100384163276,68.4408188382492,53.26489171956774,0.4716861103256233,104.45257030308187,107,5,168,0,0,0
1568.1952971294963,69.67443168462313,47.46456759075065,0.46991402528591736,151.17578368993787,142,3,117,0,1,0
1468.9733243406545,73.47387647822666,53.20355338677818,0.3790523064581195,89.39077180513246,152,4,47,0,0,0
1532.4166352488442,71.95243898920359,50.66793540905071,0.5388978729352184,152.59284262225597,189,3,25,0,0,0
1486.9856945632316,74.06514348507277,60.351050150293005,0.5251473608940512,112.5464883209605,56,6,190,0,0,1
1509.6995964992718,75.28324962448553,41.299842638914086,0.48057308680214805,115.14602504349436,177,5,35,0,0,0
1559.5157025436913,77.64846377178365,44.122015664012096,0.4244208499841637,82.19979657634114,104,5,151,0,0,0
1418.1779316766529,74.64750610970454,65.76377210133003,0.6048707126416564,110.90410565244615,155,4,127,0,0,0
1709.238727568546,77.43250821913101,67.85826052601621,0.6655407113088295,99.20386937946232,111,4,148,0,0,0
1399.3982618500297,75.3223720740506,65.70232909945898,0.45164385161534626,107.84707309253055,139,6,145,0,0,1
1378.5811387212268,65.12266716823065,46.77791975829254,0.43878330828451795,117.2537806842224,147,4,14,0,0,0
1615.8110873500068,70.30332303090623,61.21462012027527,0.5491207665411997,139.15583228945812,126,6,78,0,0,1
1579.1662693962935,74.27956222139193,49.05342933204395,0.46419706202530137,124.15206702801251,168,4,133,0,0,0
1562.4119817052156,68.95152628579446,49.90159408584409,0.48606027993367656,126.15353306802228,85,5,170,0,0,0
1562.834550926428,77.99964364998102,38.187204362291354,0.5739653151724672,98.08961222308875,138,5,158,1,0,1
1498.7753227153084,82.65375416171848,53.64521213034066,0.3090643912492707,102.38491820794539,194,4,27,0,0,0
1410.274562851417,81.09380925848659,37.44543591013392,0.6318302324852669,155.97450036702622,179,5,135,0,0,0
1507.5804558193727,73.93278564534896,43.262587962687746,0.5072680524329342,105.29597930473507,190,3,156,0,0,0
1432.2838288487887,82.45363068424976,64.20120806479741,0.45885068554378194,153.12416504114591,142,4,148,0,0,0
1597.511973341775,75.74333728601056,38.283032368434206,0.4910765845778551,115.13877602238267,163,6,119,0,0,1
1485.2942618497862,73.3145701444098,32.84633140693731,0.4962429355020519,120.04575872287008,77,6,87,0,0,1
1417.4502803207488,71.93298668229531,32.76030370451265,0.3268798696555074,141.4073032045986,192,1,185,0,0,0
1467.8614158347007,73.48765156755935,67.63138082012432,0.6494938227453236,145.43784843877313,82,3,187,0,0,0
1541.2931454275624,73.05911590729386,50.276817518473386,0.5041325632270618,117.78374879441824,69,4,177,0,0,0
1443.6275447196026,75.85208111187744,46.37648287268073,0.5443002130447375,112.23513892956922,189,6,30,0,0,1
1417.777960443357,75.80286990524932,62.435143240316734,0.5951549770574043,118.88159102955574,150,4,46,1,0,1
1524.3687211491913,75.01523010076707,63.43303711642064,0.39788375424397,126.75915056464237,72,3,33,0,0,0
1524.4966571108723,77.18469084873175,43.28764132462418,0.5473471899035228,137.82607373739512,161,14,1,0,0,1
1449.305682462887,80.9532313739317,57.744722298951814,0.47323589091012064,120.08459717988303,63,5,105,1,0,1
1452.8961694381678,79.74777067720662,60.84491263407546,0.5846770775216494,132.37772596046307,140,4,194,0,0,0
1523.2049937357635,67.57551015775049,56.18602747463818,0.2872772579648505,152.7671946454188,126,5,93,0,0,0
1355.1915658502676,62.230394325490224,36.06380299200397,0.4900905699758731,127.6261922452957,134,5,71,0,0,0
1359.2536225623444,79.67159955619637,65.03532334068228,0.43971793442160384,126.23305712009557,158,7,51,0,0,1
1428.1555778747563,68.16560650792289,51.563782109440346,0.5432262950634156,89.62178349819865,80,7,134,0,0,1
1478.6552848288152,73.87617299053659,41.29889705480015,0.5470044187368203,67.38539726341872,171,7,146,0,0,1
1531.0907565598004,69.1494348697032,47.009127417507756,0.4292374105177974,127.76751458460336,156,2,89,0,0,0
1647.5356216949551,65.9900978120999,31.502843615956294,0.42878261358239567,118.10351537438255,103,5,91,0,0,0
1585.7659623202019,77.70731364102394,35.1146720488967,0.48893346314426706,109.70434650170516,182,3,142,0,0,0
1484.0061470036574,78.79577580151323,60.62187002063443,0.4103357772684792,124.87060408372689,190,7,77,0,0,1
1498.098379209731,72.11744799636641,30.000465390214647,0.5841983695452126,118.79192541606183,92,2,175,0,1,0
1399.7470635362192,62.04478853927545,46.662633139291685,0.4630792799552554,142.55560501267797,138,6,124,0,0,1
1498.148686400761,72.26877775873758,50.90040724342354,0.20930117806783582,121.72221736517956,164,4,141,0,0,0
1471.1341361079863,76.95902002701273,32.185376800038895,0.46251779433781937,105.06153429859665,148,8,130,0,0,1
1532.271856033809,67.60544215612936,68.92312651889331,0.39614561791560277,139.80332477918577,96,5,49,0,0,0
1417.2769056447678,75.91679959889578,39.04501324998688,0.3368724184539055,115.65737850107595,120,1,92,1,0,1
1551.9346514241172,74.92345075413502,42.16794878545123,0.37625733617774276,130.53073367344615,116,2,123,0,0,0
1653.2738913002577,77.89645749800545,42.157700490201094,0.510940847183297,110.45178587614399,111,3,53,0,0,0
1489.1239851543141,75.59790184207077,39.216666484693995,0.6328640828248231,107.00346229005127,158,6,133,1,0,1
1540.1711722098942,70.13465529559222,30.058952883452456,0.531318447386498,121.68336460371393,86,8,176,0,0,1
1569.0143991711113,80.98285750832245,59.17379176351986,0.439349661178426,120.2565728708737,168,4,150,1,0,1
1459.8779528114164,74.20735213486515,68.67381999197141,0.5455904195170702,129.59654070733666,135,3,77,0,0,0
1522.4092481810417,74.86347730245033,38.97173933140181,0.4540909689781008,114.62708493380515,175,6,77,0,0,1
1501.2592400781796,70.33366020463401,56.5218876721369,0.43053996308368553,83.27280432459204,185,6,19,0,0,1
1509.7676098548832,72.78358874404245,59.6758530783486,0.38456373317670156,111.34452232823223,101,8,90,0,0,1
1422.6990216144534,70.5759864298655,63.93701516362099,0.32481711932482804,135.8763693428763,140,6,187,0,0,1
1502.4510174258942,74.13526970038288,46.90516788054437,0.4610076293440555,114.05247841513787,82,6,98,1,0,1
1549.7998291245449,83.55854240071172,42.11723622561717,0.5158053489920131,115.07233194970904,130,5,172,0,0,0
1645.1143607795043,68.14049428534322,43.011805360921244,0.490337632998511,139.72753011811875,91,4,188,0,0,0
1595.9270826085208,66.93219301061629,58.50485332394051,0.4584033072052641,105.76053545482155,161,5,55,0,0,0
1715.3182457511557,82.35585163746805,62.67117866022544,0.4054253939303219,89.14393563514201,175,5,1,0,0,0
1423.2652437111951,73.95338161424067,37.264558710264104,0.5608246191684969,116.78737760949011,185,6,104,0,0,1
1587.2320636720679,71.65463630670041,44.837640326310606,0.3682868080053415,110.31652097502526,155,11,172,0,0,1
1518.3342005738352,80.19952343698039,66.077607869966,0.5776027913843476,100.67507360493492,174,8,167,0,0,1
1718.9802933217672,71.97192230131569,62.26774078778957,0.3997782981073275,116.49243088202618,162,7,111,0,0,1
1419.1701714644848,84.13004856773468,69.39433611049904,0.4247564762646965,129.83011294493568,113,7,23,0,0,1
1416.0278157819223,78.38962935669635,60.16993038728323,0.3533214809384323,119.81422876864369,172,4,156,1,0,1
1440.0607354555978,72.56044295927148,45.72780804111689,0.44985978531143633,126.13962145372476,163,8,194,0,0,1
1287.6104275690193,85.78654106632752,53.625513359785515,0.5975312458477979,156.26815397030845,69,6,108,0,0,1
1447.4244978319239,71.9714253849833,56.44057016989281,0.5515628088443957,113.14242276884872,65,2,67,0,0,0
1424.08673384463,78.71047686004654,33.138232652684955,0.5978422112028035,125.56697269289339,194,4,113,0,1,0
1515.0393786476207,76.49646290203246,51.779878364154605,0.5522142545933936,109.81573274801731,68,0,193,0,0,0
1534.175597577716,81.50870644699398,58.37283313890438,0.3896330171469631,103.07280560226054,169,6,83,1,0,1
1687.6170839215886,82.80755598363426,36.69285216004241,0.46692107756724427,108.3018469316446,185,0,181,0,0,0
1595.042383818605,75.16002074532884,61.22526869702229,0.42198008708825374,110.42482856956623,87,7,180,0,0,1
1442.3096344337596,71.23291064826908,53.35091122056447,0.633057490403904,127.1895159509425,142,9,48,0,0,1
1410.1585328651643,77.29986071469558,68.08887142790378,0.38032113535736883,166.98151573401515,154,7,31,0,0,1
1549.1919171506506,71.61142315123946,31.69689192827567,0.5893697689389111,105.6791312744832,149,2,60,0,0,0
1367.9766792979358,85.06693623763312,40.61304550221868,0.5892953870108769,111.66749388769075,139,4,169,1,0,1
1683.1458765854354,75.68267665541369,54.06215517199296,0.6829620201716087,118.73753973777504,93,8,128,0,0,1
1617.9440120721288,73.17339224343945,41.86239648823722,0.45903134073705026,127.91597697419495,125,5,190,0,0,0
1453.0824347895295,75.92340152932454,58.57696656284969,0.5712322159580162,125.2710162390957,194,5,101,0,1,0
1328.6865470909122,68.26436855235151,60.36021130087724,0.7281651836538843,145.68191587896234,128,6,34,0,1,1
1635.3872374165412,70.14192980744674,34.10063856265898,0.4382358323066303,71.47215858929584,122,2,50,0,0,0
1488.5460154747382,81.00206953972213,50.55417856827071,0.346495975246764,72.26140259608655,189,4,198,0,0,0
1623.781631197346,71.71552860514302,50.355622223642236,0.3119989966092236,110.08243655979702,145,7,44,0,0,1
1340.5572341205634,69.7654450865903,44.77123080862164,0.5712712028861331,141.94600375087418,138,3,76,1,0,1
1440.0624977046227,77.68326376263643,67.31699450278688,0.3116849791941416,88.68703936788808,152,6,112,0,0,1
1500.5243699718183,80.92852077331499,63.10025279492885,0.4627680947062077,59.84735320612486,195,2,64,0,0,0
1504.6980593764742,78.59476655332533,57.888375276385474,0.5437313187038961,131.42358812438417,55,8,13,0,0,1
1454.9934528520757,79.98023842902909,58.573065429399904,0.5185175536829914,124.87314447405429,171,10,92,0,0,1
1562.28499323475,71.21602455715269,48.468645752524765,0.5425444864184172,98.19583186401141,165,5,130,1,0,1
1393.2379570617406,67.89094666629079,66.83978084386302,0.5222289855800855,100.2892079855814,111,4,23,0,0,0
1485.7620514978707,82.50666825977743,57.783817090131414,0.6278865813313393,100.60512560730652,193,4,64,0,0,0
1512.02956317119,73.38660080578933,59.159242466232655,0.4047683619261203,122.2107063494788,185,8,175,0,0,1
1551.4438834058749,73.74583491772476,64.4676361514938,0.43230048615414685,107.47369447633986,138,9,137,0,0,1
1571.161487808889,81.6409707092453,40.96286357368764,0.4227340554729176,129.8812783795104,145,7,12,0,0,1
1387.5357908162132,77.7811500470033,62.28283615466812,0.5830191811862611,62.90746674191218,175,7,141,0,0,1
1346.5885829264378,77.27943886040804,37.809624118259684,0.5900398588395064,102.86296269744402,139,3,99,0,0,0
1627.7676821898508,85.82501172450542,43.813678089795516,0.5451225319318508,97.478920781779,135,8,137,1,0,1
1533.2314011979593,71.78240884809928,43.42441817079371,0.6183493666889928,114.87318643255016,187,7,167,0,0,1
1425.1513463443446,79.63920064040619,69.14101873556562,0.3821959132623619,109.23904483019723,170,2,150,1,0,1
1655.1151975522523,75.28506562448543,64.26148894991707,0.6667224111551138,135.95687559791534,125,5,98,0,0,0
1511.567463429286,76.34296139431629,58.04679446361039,0.6523238621712258,82.81326456679885,141,7,54,0,0,1
1617.9297184063826,82.64234213206265,59.082270464615604,0.5735621997245747,120.90982952661504,119,6,62,0,0,1
1506.751848141011,77.53917878144811,52.48291177610284,0.678179890877106,131.1667284642341,197,1,70,0,0,0
1706.0747924881987,77.69148039524816,67.88362668434075,0.3343376792322226,157.13294873123908,182,3,169,1,0,1
1675.5340842443204,80.362536686549,49.85035011529446,0.4475551863737348,110.3646805781305,72,4,98,0,0,0
1475.1035851520926,73.17523635228558,45.22070839479578,0.42646965393180475,126.48917208705033,186,4,65,0,0,0
1597.1570950954356,70.80395166330497,36.52141347726364,0.5721479323757344,83.9227441487527,107,3,78,0,0,0
1564.5375949585148,69.77595402989483,61.44822609044232,0.39498592603978544,72.16087591373952,95,7,72,0,0,1
1636.8631557532349,65.16821705311999,59.377757283023655,0.5757495149337486,136.895487515634,71,9,46,1,0,1
1403.5076539419895,85.28103564970161,45.374201540965394,0.6370536143996713,119.8887941270386,57,4,80,0,0,0
1568.605145999844,69.48395817139158,31.007736558369174,0.5695202900084,143.57025379596845,172,3,125,0,0,0
1605.8424486849588,73.89373188207114,63.55989310872043,0.5283751023661502,92.53194222060502,69,4,51,0,1,0
1324.1260513576885,73.6159335005554,30.456719338162944,0.4012126659099251,130.39804279057506,127,4,145,0,1,0
1381.6741487334225,76.5370334890455,58.14799118516204,0.4153149033874635,157.37635681087707,88,6,145,0,0,1
1296.07678222399,79.07868606269648,68.81028438904228,0.6249618905296667,128.39411216714532,86,3,151,0,0,0
1473.0593165555442,79.30236744179872,47.50645312592814,0.5779349003905332,125.53163011182097,124,10,22,0,0,1
1571.7542255795963,72.08461280715531,39.39893619983811,0.4960980480622456,120.171121616487,167,5,139,0,1,0
1650.2357052096029,74.16439143106794,58.19484040173527,0.45820904542341095,88.58237085748175,153,5,150,0,0,0
1507.4094780419775,76.4128997524415,62.68512568062341,0.2974192126888623,147.11145871420695,80,3,20,0,0,0
1662.8615545571292,73.75654436908226,51.8572126431139,0.39291475813155613,107.78284720389868,172,2,63,0,0,0
1361.9898541785108,83.03672788009996,68.68141101024585,0.6911419087139723,130.08966512766034,103,7,71,0,0,1
1329.6617560644845,77.45487475819125,32.06674886631844,0.3719544428997533,88.73931386857492,83,5,161,1,0,1
1494.4452301103381,78.67438893024908,50.19182393218112,0.518947982122108,96.4108067098444,171,4,129,0,0,0
1538.4065448939307,78.31440634333707,58.738157892902,0.6007443973195199,148.7017479844447,162,6,68,1,0,1
1496.7305251905907,80.86736928742663,64.50561884596715,0.3745077331997707,113.05395422084314,111,5,158,0,0,0
1293.2557899960123,75.90510779351854,37.1702244763116,0.5184710474781083,149.0655095208509,72,4,67,0,1,0
1491.0879960487212,68.51584026022077,62.00013927054726,0.5937915537510655,118.43538681882964,95,7,197,0,0,1
1369.5530499495146,76.99843975876321,52.10828302874181,0.501249932190725,83.16204454084286,105,4,146,0,0,0
1566.9672548830038,71.74321553104086,45.86214727959853,0.7868403055666768,137.8413519946344,184,2,127,0,0,0
1536.6598246096848,72.35691659125122,35.26860114316374,0.3331400741121805,108.20215364488784,167,3,106,1,0,1
1406.0120213672644,77.93182009377547,64.6118303563565,0.6058728529883879,133.97377627034086,180,8,108,0,0,1
1448.6133082663307,81.19141535716818,36.29092832718862,0.4827198262603536,120.50421735080164,162,5,71,0,0,0
1394.078647811105,75.1063578836803,42.39151436836397,0.5771920154836675,89.13763544114259,93,6,102,0,0,1
1493.7320902726829,76.54416506299482,41.601821278497475,0.5441307151699246,123.28589530741138,177,2,140,0,0,0
1595.5142320501238,83.5110747231762,64.85656136763417,0.42668438028900035,163.92446284305598,157,3,64,0,0,0
1401.4273953664456,76.20376589744284,56.90811976835592,0.5228996392459341,129.8597291702892,66,3,133,1,1,1
1550.4046515517844,88.00841557090197,61.86725588765489,0.3142098548601713,118.84964493989074,108,7,198,0,0,1
1446.974238162756,77.82754822815772,40.01871595169996,0.5603247500571393,141.50686803913794,187,5,111,0,0,0
1420.7127167737656,66.19618620422091,54.994963984279956,0.5298158465990526,124.21336930406221,148,2,154,0,0,0
1489.2969640045442,78.76670810552267,52.86983932574995,0.5638660168643103,124.19068460525588,133,2,78,1,0,1
1396.4757677580626,76.90579192441389,63.31321507153084,0.6058118325087151,98.16749655681795,195,7,179,1,0,1
1444.6350694652817,81.44876377041373,66.24348241925043,0.5367619840209711,124.67696051579196,94,8,125,0,0,1
1380.212210741115,78.36590675634979,30.486270859095473,0.5148089419798276,140.7088683283389,157,4,120,1,0,1
1696.472513291639,74.30772008008113,56.960796762351706,0.41189316633387074,103.2787569579995,111,4,86,0,0,0
1503.526355197173,68.87850881855317,32.07343196478916,0.4287779236350949,148.48991642493894,108,4,47,1,0,1
1430.0274492007416,73.95488371356987,51.95434660309424,0.6186734620177331,118.16587951709748,187,3,87,0,0,0
1521.3979910734222,70.7473977289535,41.50530916174713,0.6436335405705979,102.24460976922919,60,4,67,0,0,0
1488.767195030917,72.09738275097638,42.27106398088565,0.4761889563687946,139.9526415384049,151,6,171,0,0,1
1477.9030400466777,77.94289202210305,44.11834013809426,0.5046002747253274,114.26411528523461,119,5,100,0,0,0
1561.4166700043424,83.34952252175702,54.85169796198441,0.40953856250062337,135.19029774972216,172,5,16,0,0,0
1575.7507710047305,76.9733576491149,43.36199862675077,0.6172756845267445,114.16482735482926,83,3,37,0,0,0
1446.9498852389472,69.02058468982408,59.30796202361122,0.5665416823691779,118.80347712940193,150,6,137,0,0,1
1442.418175935532,77.22301334110071,46.18109542295478,0.6941217436463749,129.87120408668582,194,4,53,1,0,1
1472.4948302848356,80.98315743322826,32.734128012398344,0.4121676922820261,125.81794115180011,153,2,133,0,0,0
1269.8078835264414,71.95108547840309,61.35039369936429,0.46219921009817827,80.08936439096523,89,5,133,0,0,0
1348.4808937801447,74.3299141666354,41.43033298370824,0.5231445922525573,97.57512519811216,68,7,51,0,0,1
1636.6874267444525,75.07344097364599,47.3106751839705,0.5646489537725771,138.58819969581631,116,8,14,1,0,1
1664.4967713501283,71.0755084345888,57.41775532887606,0.47843323624523676,117.35726822196905,131,0,67,1,0,1
1475.096396044362,78.2414021692193,43.29824628594848,0.41270389095462995,109.52537394457157,113,5,184,0,0,0
1557.6556963055766,74.3952592569611,32.26342624586862,0.5881407528923571,92.82851969485051,132,4,111,0,0,0
1531.1250154543536,77.09766221953514,44.95684188051254,0.5721135362545582,98.40527357448303,96,6,183,0,1,1
1807.8880808455237,70.5625391109895,67.77794330777213,0.4083725899436275,79.56402720076105,55,4,103,0,0,0
1611.9574911434577,72.81270849838295,55.66937589194232,0.6355442801105495,117.97438562596935,65,7,6,0,0,1
1487.2082408519234,78.61190678913886,56.85916594668828,0.6170198709196604,108.03124838837905,195,2,50,1,0,1
1404.4459559399575,73.13583423954117,55.291286145505595,0.5134296497247793,100.6682421802937,88,3,57,0,0,0
1339.3553679742427,83.63481925616702,37.95968555837747,0.5079597862376036,118.63753149664093,162,3,191,0,0,0
1520.3463635867224,73.00181907192699,46.7333545640912,0.5554057771115907,127.27941261705476,189,5,108,0,0,0
1424.3649254715697,76.12342362875943,60.03759193453273,0.41382969297437416,161.8639586441989,187,6,110,0,0,1
1357.7746290402326,79.66295415936546,34.05491590212637,0.5030031479164082,89.76233160873574,120,9,153,0,0,1
1435.3427115757474,67.90817133533484,41.114111043588494,0.28476164553908195,143.18762086601043,159,6,185,0,0,1
1391.8451996385604,66.19595594009613,41.05276433863415,0.5876455645502936,139.46203122030144,104,7,30,0,0,1
1668.7141635072564,67.37171842714953,47.28075710378024,0.343850677755814,104.41814521246599,178,2,193,0,0,0
1588.163975694945,81.31292051713591,69.2147496376874,0.6503419828428999,124.06471909172062,98,2,91,0,1,0
1499.2027358683383,72.24070927053776,32.70010186735288,0.46698799060335494,110.8473350132477,70,8,105,0,0,1
1647.9944138890025,87.79099642834126,50.7480397752238,0.4788333018068823,123.71377160837478,86,8,12,1,0,1
1507.7368307647619,72.17876200671306,37.17458728048842,0.43722660939154945,150.182620268091,165,8,145,0,0,1
1413.8715798671738,75.92275651598518,68.82706181638977,0.4711961126077924,132.11212465262625,73,7,118,0,0,1
1652.3124077269658,82.71054976283938,34.53214018909857,0.6418531345148036,130.17216746466883,104,6,140,0,0,1
1553.891004368466,85.03046444079561,46.14404009446365,0.251219134346492,111.39381360090715,74,2,114,0,0,0
1396.2753845673544,85.30751788318199,59.51539939338424,0.6276965386088188,90.3188667015133,184,7,151,0,0,1
1480.9661321916392,81.04183115296571,58.18217712109781,0.5338023481101708,115.83063578919185,176,6,56,0,1,1
1412.4381746615243,80.12031262905731,46.90914547575729,0.37929783521427846,144.1321630972783,142,5,125,0,0,0
1361.7200269035663,77.96263474600592,43.86096671810873,0.3924687606950762,89.45664286820704,143,6,156,0,0,1
1592.617754753164,78.89180538083319,45.904495142114826,0.6676393027208203,98.8982126364661,120,4,183,0,0,0
1690.941664047013,72.24407141835734,40.57105052634557,0.40544931200572687,122.52535472468136,171,4,53,1,0,1
1360.1432426180859,70.90900558288847,38.21331754827199,0.38466494894040404,100.30690430305475,73,4,132,0,0,0
1556.2969236690572,74.98312771294523,49.3215879023556,0.6137314542364729,104.14953105769575,60,5,162,1,0,1
1434.9357430878174,74.14907688737536,40.74135024270429,0.5338552876285915,111.52802836543646,122,4,18,0,0,0
1451.2874616235304,72.73385975336362,41.49846659589001,0.4062074423463601,92.68765191619701,61,7,182,0,0,1
1440.760607576113,78.48193723728357,56.27024253898228,0.5216624975404619,100.51756307567263,84,2,76,0,0,0
1413.6009230320185,79.77652604285255,68.74149326799568,0.39742473163597225,134.06855833574616,190,4,68,0,0,0
1504.8521627944826,75.44203443145923,54.145488022375005,0.6100821398422606,93.85260435538072,72,1,43,0,0,0
1416.9049883588962,82.3876504052763,33.07917868259865,0.6061370964873134,88.04255731010325,132,6,37,0,0,1
1527.0456825779838,69.29155442933248,33.023344554162676,0.5532006198821943,107.39950040932212,137,1,61,0,0,0
1494.9761890550863,74.03170270360141,68.05692883382264,0.5361661061247016,134.6391100501969,129,6,21,0,0,1
1476.105195313359,71.41588839698598,41.891631612293345,0.6761188124867374,116.0615638400622,146,6,72,1,0,1
1409.2436337958402,65.6673169146347,33.682679443299016,0.4999686327388225,110.70837843768763,189,0,167,0,0,0
1442.3228669431667,74.5865965707865,53.961783486015264,0.3818125874579199,120.88717595031214,83,6,153,0,0,1
1575.5391225825756,74.39126245808359,54.94595113161064,0.5449473912832307,85.08585134280696,124,1,124,0,0,0
1550.0917187624382,82.56724871621066,55.940192804747525,0.7086047049537114,129.89411307550066,177,4,4,1,0,1
1402.244475520145,78.15405842277389,40.69608111430165,0.3985240506814148,127.66870062807288,190,6,53,0,0,1
1509.9332305429225,69.87906587835397,30.604427368579003,0.46385372333060143,111.81383051808558,80,7,85,1,0,1
1575.138712337179,84.27046283167094,68.60061477817888,0.5416446038101452,140.11849023592833,179,6,176,0,1,1
1333.0594718878629,81.10516847762676,40.035721827644096,0.4946095150994261,97.45007802093923,152,3,2,0,0,0
1554.3360192379935,77.91048851734308,57.041051522101895,0.40176964196226855,142.5581798650714,64,7,37,0,0,1
1433.7376241054153,73.86757950575084,58.26519479514838,0.612185785623047,123.08987331190502,106,6,141,0,0,1
1557.059866859316,70.2028038163826,54.40029668317943,0.7320040722017259,113.26894820243653,124,5,174,1,0,1
1423.6740843457483,73.13896611964473,42.51629576854593,0.5196131459023907,119.60252729263377,83,7,141,0,0,1
1319.511789933548,80.44374309852093,40.84385015056263,0.40959317102639997,117.85470468378116,152,4,72,1,0,1
1337.2457562116838,84.42293152967305,53.90673130810812,0.34510394749465245,144.40565792835434,124,7,37,0,0,1
1504.8084946661381,82.71621764136094,64.64382534446766,0.5257975981221181,98.46641745057973,78,1,191,0,0,0
1525.9722501721483,72.55575289106864,67.86934915693583,0.6103877343316257,104.74961521706804,65,2,171,0,0,0
1409.568337489559,69.40191283355495,34.2362321761503,0.5475167746495382,140.7260578414496,126,2,124,0,0,0
1563.8592458777373,75.70443123455603,36.1931445039088,0.49975961590811463,108.08930129632282,86,6,69,0,0,1
1333.847993773104,66.15780317218574,67.78945035132318,0.4410728348210694,138.01066154663184,130,8,64,0,0,1
1493.3920201352682,76.61583857092391,59.461409133391705,0.39078363672819105,153.98871966017418,198,6,24,0,0,1
1378.8983800237543,74.26198706850666,65.31975299319092,0.5834751326324882,111.96409946116732,173,0,15,0,0,0
1434.816389219784,72.66981749065879,38.10530536541373,0.5913771621385586,133.6272465315061,68,10,14,0,0,1
1504.7398671316414,67.02648466366603,53.50343484437607,0.3454270213309267,96.92615437320283,151,2,130,0,0,0
1413.9586634716047,77.56800053284859,58.04558377669895,0.6589838978180684,135.09466596135618,185,5,194,0,0,0
1461.5444455770175,72.33649580169045,57.20447541787891,0.5574071220894001,123.98847971973534,126,8,36,0,0,1
1600.629280921444,69.15041582144856,46.32606763466792,0.6399594645145794,129.4607656432043,90,5,182,0,1,0
1442.310813047685,60.63868893359175,30.61579566765234,0.3657872251514885,107.0885585592921,110,4,124,1,0,1
1583.5692112065142,74.86242547474681,53.317042272170525,0.36341758445845607,86.77833168865655,75,3,112,0,1,0
1387.0293145342382,83.86125798334872,40.12406156718435,0.48510306902327033,130.0650412949901,120,7,165,0,0,1
1552.9804177915282,83.30629607273934,48.01016984571561,0.5502784426895194,78.73193695041091,152,7,190,0,0,1
1644.15686206579,72.71451871706864,68.30324060335269,0.6796360822926963,113.6529901551493,119,3,0,0,0,0
1252.835549987271,71.9889396981911,45.961412705697384,0.5706078913815131,138.8236373283994,156,3,70,0,0,0
1420.3104744529523,77.34387128037511,63.59206426657707,0.47573187231879666,123.83795471746072,156,2,102,0,0,0
1557.707212718054,70.00807280405854,37.54162422997005,0.3973630792334108,158.96685289579625,152,2,18,0,0,0
1479.6954613957007,76.50895949909733,56.89841992100115,0.623000057271915,140.50218305163548,68,7,51,0,0,1
1537.1145873371308,78.83040139192344,69.08027817755774,0.4035294574249285,106.92203223348847,117,4,117,0,0,0
1439.601481328418,81.13466611942154,34.07572403491747,0.6628468554772322,120.54626759702877,119,1,157,0,0,0
1508.65897874729,74.49922961760024,30.33279768908768,0.47156153503934906,119.05258594911128,162,3,106,0,0,0
1484.432276460792,73.98163124911517,47.34331170530457,0.659058207261785,88.35646473307746,106,10,54,0,0,1
1616.7782061659807,70.61008706621719,33.70501932205469,0.5678931290059278,101.19202167031294,110,3,13,0,0,0
1525.4420843301214,70.8655982298007,59.93537398704925,0.48630045105575415,108.7847818604028,141,6,12,0,0,1
1533.7602662075203,73.86760554049236,66.58194655394236,0.4480603628173873,79.27558994288127,79,4,83,0,0,0
1458.8123033877532,76.8368275340809,47.36083890835035,0.465909212265392,120.94986936503285,176,5,89,1,0,1
1451.2393775927505,79.56792313116625,40.34846568621764,0.5428316692375238,115.01856310693918,164,3,26,0,0,0
1456.744181218038,70.98410524659828,47.37613276026439,0.5077156496217716,86.54212197376852,55,7,88,0,0,1
1539.4452142378298,82.46344284479761,58.93791271400004,0.4406188591931295,128.08425730554663,67,5,136,0,0,0
1457.9015519179736,73.64438199478715,30.36216646321484,0.4834368589682368,134.3174548938192,59,2,40,0,0,0
1528.9774856896413,74.89316352825782,53.578159579387886,0.507857702971915,124.54068957729778,141,6,47,0,0,1
1707.540079864544,71.26394160426088,54.53166739549516,0.28712659055851875,113.5186364958206,188,3,11,0,0,0
1587.1124703431692,62.87879869863529,55.50752987583742,0.5458168114788698,131.8288430350371,126,2,137,0,0,0
1467.3976467832158,79.42022698180524,39.68088319923509,0.4020278775283193,133.60440720953383,150,7,5,0,0,1
1620.1213922163945,78.68421948546217,58.56210893512507,0.3846667596794255,126.14807139439377,133,6,161,0,0,1
1459.1924626978448,73.59336221440893,33.655659453271056,0.3312655652889289,103.50775499130478,101,3,179,0,0,0
1296.1875464822147,75.33495358612436,37.97081345867203,0.32061075021321095,125.53201531022361,80,5,40,1,0,1
1399.1913689082596,77.57969608852049,65.09880186617929,0.3644552496887711,143.90961301650958,194,7,5,0,0,1
1312.9208078974143,67.18727071556728,59.548926029062656,0.42909790423695093,108.0674188277654,159,4,129,1,0,1
1464.8486515958691,72.35473661326853,30.54982216045381,0.6953259137526568,161.95878678264862,142,4,14,0,0,0
1501.8418379189552,78.97132339810913,39.93505041479201,0.4474120324104796,109.48738132029231,102,3,144,0,0,0
1667.6437312275282,68.72855288415376,38.57625931972658,0.5177750106268031,120.64814026680273,194,6,15,0,0,1
1532.6927373764163,76.46778966083315,40.8322531214789,0.5400481386506328,106.55028807987327,135,4,155,1,0,1
1478.0899471191135,68.21709097688297,39.90239081119546,0.5131065186215849,124.46541671840522,51,5,84,1,0,1
1582.940558118349,77.33214991216764,32.50105182971383,0.4922556539274006,85.1555661472945,135,7,199,0,0,1
1278.8864690992116,74.82179258851258,48.357620663872815,0.38047062364007556,109.07916402366558,182,4,9,0,0,0
1523.5614558108566,66.92434092047245,59.30933899144661,0.6450927548279212,98.15757599302866,53,3,137,0,1,0
1577.0865193886966,80.82369677228586,54.269268988697455,0.6807196643637885,122.70676695784582,55,1,137,0,1,0
1352.141375422016,71.32704211600975,56.91486674392319,0.3317341305877314,139.88894751017816,198,5,155,0,0,0
1614.375404320693,70.9487378149281,33.24596714144957,0.39759714091136206,132.92012374229103,167,8,151,0,0,1
1533.8496407494415,76.00284598615471,68.05962840707149,0.4720189657622994,72.56681278282215,138,5,18,1,0,1
1458.4712086099198,80.74318674714358,63.53967335372099,0.40354622050898087,160.8413930585576,63,5,67,0,1,0
1563.2781866106284,69.92089090510801,62.20361273982651,0.5505965553455865,125.90559881241737,105,3,183,0,0,0
1727.0692857804397,75.30839924923986,62.9193522016707,0.4271727797593387,104.47001719014,130,3,194,0,0,0
1518.1866255058494,77.14408250165286,67.30842032531045,0.7165056067806602,123.14255837981882,198,6,41,0,0,1
1524.8220586300336,78.46552803631572,51.770158644547905,0.6190548594343597,123.52379645005385,95,5,139,0,0,0
1454.0639100459755,75.88220777638612,38.01128071470504,0.5212574030632215,106.66302566096873,193,7,145,0,0,1
1415.0155630535207,73.16486080458338,54.671344314101646,0.6026986263319732,123.95833334684151,65,6,150,0,0,1
1583.0335816544246,70.8620488967564,59.715259746717564,0.6105900424357309,107.85055424759386,169,8,83,0,0,1
1414.3916174091132,75.43071941523188,59.51669573416102,0.44360525119417565,111.91276014619955,133,8,133,1,0,1
1507.1566237219392,69.63930494007197,50.85796096667521,0.41837827554580354,106.2744172848983,57,8,52,0,0,1
1452.2342553234882,60.39324758252697,32.73834877334312,0.5078143062969648,91.34657420520695,137,9,97,0,0,1
1547.8979825746392,77.18279902078834,44.844517537205114,0.5861636124497944,122.91672940430767,180,5,41,0,0,0
1533.3662105286949,79.51967420543097,66.83066433853429,0.5139060398653418,131.70598873032677,68,3,193,0,0,0
1603.7539944257899,63.185337822290805,53.377956390297044,0.34230035178090024,130.29767192152744,146,4,29,0,0,0
1448.9983601145252,69.95134647645031,51.533277730228534,0.41971755560491575,136.39850505270468,115,5,8,0,0,0
1473.0125064706629,78.09577130502599,40.75414057528774,0.4926027136405622,126.48680420029737,128,6,169,0,0,1
1402.1236284217694,85.2874773485585,44.737956796663156,0.492433439567417,109.34549003566192,135,7,33,1,0,1
1455.570673992389,75.10396853837705,65.81384356612676,0.6972542176789809,136.79327728862378,173,4,167,0,0,0
1537.7300493044852,71.35998529385432,56.65852190107343,0.36140120576010015,92.8496492031613,199,6,87,0,0,1
1575.6988616645351,74.0855177944758,61.49548107009331,0.5505589241835874,101.98657234975039,95,13,144,1,0,1
1407.7834675822376,81.87438209574093,48.17381692270621,0.6489113108328289,100.71599857153511,162,3,156,0,0,0
1586.960592010566,71.77017910437732,55.20988877824632,0.7271449745422796,141.60112118278622,140,7,49,0,0,1
1635.563785880495,71.00403996674873,39.9353443497283,0.45956025768160386,138.8557702828015,190,7,75,0,0,1
1541.3434903223701,72.58628238908983,58.21843321133945,0.54914294527202,129.7461047408999,82,2,176,1,0,1
1687.6795812558066,70.23335695870644,47.10405334813349,0.5569760357198646,141.43859730423594,182,5,188,0,0,0
1422.6210800896426,75.61335157997398,47.701820592589826,0.5195481731553291,102.41434435176023,126,2,45,1,0,1
1375.5345296688583,83.1233922923478,55.97289298307527,0.4901154798760694,126.97190239721961,170,4,45,0,0,0
1322.1279751095722,76.61539636558014,67.45122485875706,0.5435975389500046,117.49651143233672,177,3,125,0,0,0
1649.6044311489184,73.73823248936856,32.56025386434484,0.24677539147803146,136.93764207769829,127,3,16,0,0,0
1565.4365656354057,73.54094365542228,62.989729493880304,0.5682069490062631,117.69551534895605,116,1,65,0,0,0
1494.4415329089545,67.18404595651671,41.69532441648772,0.5126177903661967,112.30114223179838,164,7,103,0,0,1
1527.9968626319821,79.4155488857358,47.75677818025511,0.4777525103221735,130.8181703712198,112,4,4,0,0,0
1387.4510952701623,74.610814014936,30.87653315100036,0.7046862195719558,137.52338334382466,162,9,122,0,0,1
1744.5751979616825,74.09760043204687,42.04184311337252,0.4325065981209448,106.63309610306396,143,4,181,0,0,0
1512.9221181975227,90.96553783922431,50.10524970520522,0.4596924010934969,118.77848657295247,97,6,124,0,0,1
1510.9394794604893,76.49376454182843,32.24704309389756,0.6991553302204734,98.83118732716694,61,3,111,0,0,0
1572.5766623898692,71.24104474952408,49.6438291753266,0.41679386951501435,70.03877965014121,194,8,15,0,0,1
1548.1009231736714,72.86821201897229,67.08442515433708,0.4449884717063461,124.00919262827458,89,6,80,0,0,1
1522.3884024279132,80.74222854598378,34.21572872431221,0.485297457656915,132.17810712509265,134,5,90,0,1,0
1420.9525544554688,75.56635205268883,60.57762912302017,0.5840734482129549,125.24133618173451,106,3,134,0,0,0
1547.1468357135996,67.80861010841316,46.38684213503971,0.5207802507353313,81.00876564491266,136,11,135,0,0,1
1688.2024496475033,79.59614467287602,56.20694858097352,0.3707374652847737,112.98301139847051,133,7,71,0,0,1
1634.5420046154977,71.65927957230502,40.40946391940918,0.44678314368728106,75.63304479897837,170,6,95,0,0,1
1659.3186626639397,84.36648888108773,36.37969050165433,0.43926455667877884,147.3940221530837,123,6,110,0,0,1
1448.8784323568814,80.40024032857325,36.41850457084906,0.49227789547769546,98.27890835763827,156,6,81,1,0,1
1401.039517974142,72.76339052170624,32.81967782572578,0.5425843658629829,145.1080721891979,173,6,37,0,0,1
1487.421307990035,81.40508180867556,37.42586819604972,0.5418205755887973,138.9173928736829,149,5,53,0,0,0
1505.5724912288695,75.33927755263701,56.56877539955873,0.3223988245951598,101.98819294927877,92,8,75,0,0,1
1609.4191518470948,79.2638683756111,65.26762447374031,0.6063940987560856,97.34430097464511,168,6,14,0,0,1
1330.7535370285182,77.42366408647237,62.56502742364647,0.5252568845996624,127.00740432772676,72,8,177,0,0,1
1652.9550319460614,70.76821672504563,57.405372394979366,0.6384532047593906,103.11351925633858,86,13,183,0,0,1
1484.199210142101,71.7822508384127,34.417274536444104,0.5444198327290672,122.04969284316415,183,4,115,0,0,0
1457.311893005258,80.1498040879058,41.56749785183799,0.6101322957735762,110.34344818386164,114,1,8,0,0,0
1398.7895624739833,73.3261233394673,42.39227501289876,0.5466545311450127,84.37683171068733,183,4,7,0,0,0
1334.5143328134232,72.98175768379002,39.998277855904846,0.6346225756202748,75.39063961751083,71,2,109,0,0,0
1582.3170583961914,70.22438710325324,50.600226388388926,0.5522250636017778,124.53368496989194,154,7,146,0,0,1
1507.3317967188405,77.11799532796731,51.4221525951869,0.4902084753557096,108.7688450733875,137,4,50,0,0,0
1371.0039100258946,85.31262459621573,44.27543900684441,0.7272434720446882,108.93820366171735,174,5,199,0,1,0
1370.4921227936384,69.66233542872864,44.15156634945744,0.5889037122279892,133.9172767818757,128,8,184,0,1,1
1466.4215300709873,75.1210972833638,63.14222391624325,0.5573744421004413,143.46884553264888,139,6,195,0,0,1
1666.9021525289393,82.06110277707714,61.571713932787425,0.37236955834616636,114.54910557276382,100,5,30,0,0,0
1474.0408648636396,74.60179304377142,42.31183326722983,0.3711692382536462,113.18802586180277,151,2,101,0,0,0
1349.6857046881894,77.26185898124866,66.55153775493037,0.5292715482141853,130.00286066227767,155,6,2,0,0,1
1475.4256935914057,69.6880323592656,68.11260068010024,0.5145521197768241,92.86128860600849,109,5,98,0,0,0
1472.727643025233,77.14153548603824,43.069701681201636,0.4385877434991684,124.46306109495394,95,6,82,0,0,1
1230.3113357058428,74.06427867497726,44.17699795172219,0.514098269961206,131.03771943644307,85,3,42,0,0,0
1494.5705133482188,79.92864997839932,50.22536613687835,0.6588626928043596,133.60460416835258,60,6,28,0,0,1
1476.9065469791321,80.93693025782376,67.64483250134694,0.5695402474550298,81.2649459499507,61,6,9,0,1,1
1569.6206364813418,87.94781821009308,65.05277732569246,0.38589914902472616,104.77289460382119,88,4,139,0,0,0
1684.8956094945345,77.89816586606788,34.102718503343596,0.4888491172857056,102.43473494353067,188,7,45,0,0,1
1612.6565029547758,76.62898158291084,45.70922973085665,0.4195033519147439,121.99773908818426,85,4,29,0,0,0
1473.1111309445168,75.97192150788668,52.13484758999087,0.46123000835914385,129.61489159535967,101,0,93,0,1,0
1389.3474091258329,73.23416853594655,50.1252989020616,0.4586384334370357,149.93420814891962,80,9,31,0,0,1
1757.335980324986,76.69241921730845,37.75452271747571,0.4522354417395995,110.10069039263854,82,1,46,0,0,0
1505.9218434014488,73.52299294930485,64.35267084672618,0.3744864628026605,110.04855003381573,190,6,87,0,1,1
1501.3929291912946,75.84230488134807,57.07763131987349,0.487234531848181,142.99344037757493,195,4,62,0,0,0
1497.5874912889997,81.5879876780398,63.516334994072146,0.443939236315269,125.9315387706061,107,5,153,0,0,0
1519.8084760767856,69.96728717360179,64.35057117397889,0.20705513099977318,145.35303022375948,177,6,130,1,0,1
1485.5639588076058,80.69939280564523,59.93423414662959,0.7052972024501662,125.77456006019672,80,8,22,0,1,1
1442.6337993119764,81.58557533669932,47.56842404998869,0.6088769654216672,96.85766762573458,104,4,73,0,0,0
1445.3141058759609,74.40965736504461,54.42187020061698,0.4623699275075004,93.33743290444387,59,5,49,0,0,0
1496.7246729784001,64.39072550495703,36.41461624478973,0.5018819049740598,88.96975501882142,179,10,163,0,0,1
1445.6575228866236,71.96089006452783,56.94581669899631,0.38283456526824383,133.24103669516947,64,5,123,1,0,1
1428.7154217322836,81.48497273280555,37.17013022957123,0.6695722877810866,143.77193646174015,52,7,12,0,0,1
1510.6430227691897,74.88565968850558,57.75798362040627,0.6897288694773112,156.9872428277276,92,6,125,1,0,1
1474.5022782579144,70.00348883852544,39.18392643015875,0.5156693728246524,136.8621066464648,116,4,28,0,0,0
1650.3992988582688,72.47612539385891,34.7020520060088,0.6023530644185344,143.2567715506997,105,3,165,0,0,0
1234.903019160699,79.20310013252276,36.6113796057183,0.5175286778933924,108.3996733469263,112,5,120,0,0,0
1609.150685192246,77.73366784100689,30.07968540876281,0.3663274561124069,96.87168366512287,64,4,89,0,0,0
1624.6085192497628,73.80533950415153,58.74958471414121,0.45881766310363425,137.00158664835106,158,4,132,0,0,0
1292.6609767591851,73.16587794092656,59.29604196233517,0.5131927966771958,128.353615044788,165,5,147,0,0,0
1465.7312405919652,73.0412092547809,50.59733399653038,0.45454522812565556,122.14888748681786,141,2,77,0,0,0
1462.8559134004208,70.38794907750749,36.45451204221535,0.4781346722564964,127.7474296126598,187,7,108,0,0,1
1359.248830528218,83.07687844734721,33.34217350042759,0.4908600442490886,126.46370964916412,96,3,13,1,0,1
1422.2183312409124,73.3883976539433,30.76515865749148,0.49191215021345386,145.67633719707123,106,5,135,0,0,0
1388.9424154534172,81.08579260412748,36.62992707860883,0.5052258490497483,145.89971169633912,99,6,47,0,0,1
1675.2270443423622,82.60658025961226,65.63422139932587,0.3939394933603399,130.88440704680693,120,8,140,0,0,1
1593.5678393147462,79.9915544907398,39.66147366806727,0.42829838508720636,136.91605745125855,192,5,23,0,0,0
1627.155509499416,72.84189843640976,44.17085308868863,0.37154157343000305,130.2812510484955,195,3,78,0,0,0
1572.1672064043235,77.01865045168304,34.21381937925333,0.5977815549686201,110.77660535930762,131,3,192,0,0,0
1387.094822878277,74.87902196804542,38.89445218992681,0.28943530581596755,135.1312934982628,165,5,161,1,1,1
1447.5479733720226,70.48149069634935,50.768982831208206,0.6153590343316926,92.11009862281477,154,7,50,1,0,1
1548.937456122792,76.62179640860802,54.3101073238261,0.6386349397262844,141.07783104591766,137,5,2,0,0,0
1377.7872191108054,69.10480104420098,39.81409256664844,0.46978194130173784,96.1095412046793,51,5,127,0,0,0
1571.2998430172388,80.93839694230782,32.30928636900469,0.23968629121727014,125.71606573589466,153,10,118,0,0,1
1475.9674601841864,72.67691351350804,45.64131476509594,0.46386894380327093,103.09692083147682,133,2,57,0,0,0
1462.5179192450403,76.0057982793642,39.36813483705336,0.49358158387111806,131.06777966148854,92,6,124,0,0,1
1571.0959968203492,76.41643935773071,38.78215692919208,0.3989401780071087,119.32149548144183,120,7,199,0,0,1
1544.426331148604,73.70547513147962,68.39451210853821,0.4484781606191757,88.10488083673334,143,4,112,1,0,1
1463.903383418092,77.93346900737637,54.65201943702896,0.6530195198863351,128.41399262036958,91,11,54,0,0,1
1615.9329803364249,72.62548171688738,52.275137726883834,0.566492716230174,108.44158446334579,182,5,118,0,0,0
1391.8936672400102,79.35648648728622,46.63100414093287,0.40754358856219,137.62293441626738,188,4,119,0,0,0
1561.5935606944263,68.27010159876626,47.15777333720577,0.3402400830404568,120.02651377468814,114,1,79,0,0,0
1559.3101257968383,75.63189789773206,51.636200153523234,0.4672982682390229,127.90841970776076,83,11,41,1,0,1
1469.045356068601,84.69464499529143,57.85719228144429,0.4786543220649562,100.84862089969576,169,3,20,0,0,0
1532.6133022242118,69.99834337697213,58.08584384727318,0.5496199187363316,108.21335537145276,50,2,9,0,0,0
1374.8886423614697,71.61127514737575,36.867756308217984,0.4464683287432341,110.82722727797831,179,7,56,0,1,1
1592.40270192069,77.56953924829457,50.00451008306508,0.5511499575361861,137.1340496048511,197,5,152,0,0,0
1481.5097863557012,75.89790890969799,46.47832380136408,0.693515404006023,153.54754175610978,110,1,55,0,0,0
1447.727697948096,76.7531504963678,64.82107865077538,0.5815501022444263,103.89656496514247,198,6,37,0,0,1
1604.900922583689,77.44593565073832,55.25675684873505,0.49519114926692276,141.5369628931536,137,4,85,0,0,0
1429.565630945724,78.17360734280885,51.30016265663927,0.4816849528946705,76.60645164548596,117,9,112,0,0,1
1359.153870363644,80.54849920978111,34.615785687156695,0.4643326865820129,96.11621197815421,176,4,188,0,0,0
1344.3370826476096,77.04909328464257,54.22551557293646,0.6180640912452144,100.8244308762645,189,9,111,0,1,1
1560.600995134564,73.79371172690729,34.68815622720933,0.4372686554048697,92.94982621118555,71,5,174,0,0,0
1371.9570647503717,78.36286850601365,43.48826302263008,0.5045222708999982,88.3282322042484,197,2,53,0,0,0
1675.4794181984364,84.49940967447608,35.713678592573274,0.5051197901881085,128.25997824275595,131,8,45,0,0,1
1291.8070592116278,74.33683126808714,57.682945880974756,0.4498215807188468,115.71864604544277,178,2,195,1,0,1
1669.6456368290037,70.12735347664679,38.2500845534461,0.3627534452115899,127.58810795210219,79,7,3,0,0,1
1521.1017467202619,80.53540334643486,45.67437492752104,0.5322974503617668,133.80945372243025,175,9,193,0,0,1
1490.3286888129608,74.39809418023201,65.82699110475114,0.49389960281446166,125.31233986345067,146,3,170,0,0,0
1445.508091319105,64.13665226992981,38.17265533595881,0.550024046943657,133.15526352300748,73,3,61,0,0,0
1539.913611435207,79.23710838575211,50.31220255835116,0.4466399693560833,118.60935427515462,63,6,123,0,0,1
1496.2365297575152,72.32335907023038,46.77086644664088,0.6220821298813048,96.26013223388512,85,7,127,1,0,1
1610.3301882016522,74.54733358847919,30.72496164182919,0.4123226218788155,141.15628361641592,73,2,111,1,0,1
1511.422764866204,76.65990165284508,61.71032454291251,0.6712040284017893,108.21775734437746,144,9,84,0,0,1
1515.0301761461878,75.95249839889533,32.76183625258399,0.3252363490171738,101.28807402475148,104,5,3,0,1,0
1463.6387787786143,78.5472590856952,48.970200839078146,0.5434770064556891,116.44164248391203,73,5,64,1,0,1
1494.3054376278933,72.82256814715079,52.427131797558,0.5475430682526623,101.74378161406975,75,3,61,0,0,0
1530.780176889206,77.56552899088041,55.13705826458349,0.42044429320591176,111.65139236021136,129,6,89,1,0,1
1328.9831607343374,73.70226661208041,57.54526517231503,0.5424393937861013,126.88107843126933,114,6,119,0,0,1
1365.1814577894288,78.69405240443751,40.1308953409086,0.6279518669760159,126.96683478492254,124,4,129,0,0,0
1574.3264094022716,78.07683742006526,30.399151066337975,0.27831811606459356,102.04339867148741,92,6,136,0,0,1
1517.0865438127942,70.32280648977702,58.937746494196475,0.5502744807490815,110.24589254102511,78,8,184,0,0,1
1481.6016663647322,80.42991058087516,51.42626397390315,0.2506729179669922,141.4866600954049,130,4,44,0,0,0
1501.8433933065394,72.32018277442975,63.44470812828995,0.4034335196476792,129.92800235467882,103,6,145,0,0,1
1534.7581705361672,79.04028899140573,62.855534516027774,0.6629166364900945,161.50130078697083,88,4,111,0,0,0
1446.0240319690638,76.8364365670067,63.73304671151533,0.4418217966607946,143.60256347483056,91,9,175,1,1,1
1422.1695274597687,84.19091838397561,49.403786399181605,0.38261200355910274,142.88586137119879,78,5,41,0,1,0
1519.5845255097681,73.88267008814074,43.34513583347463,0.4802062271015318,92.24262899088396,180,7,40,0,1,1
1402.1627222384968,73.25341601940902,61.6623281036548,0.7067906338163552,135.27720703266846,187,2,88,0,0,0
1540.8252755714473,74.90290197056133,48.0517645211702,0.3168317752793974,118.93786396606178,191,4,185,0,0,0
1329.741639576216,73.48410108582863,37.33768785613738,0.39486900883606557,108.98036392923501,91,4,41,0,0,0
1602.9155637325644,78.99970950971024,64.19896078245898,0.6497431683179626,123.36030681065057,143,7,34,0,0,1
1547.2597482413044,66.91844695781705,65.3023950708939,0.6857702343537733,138.90423069222967,81,3,165,0,0,0
1525.6029734313875,69.73158790426822,48.6523902456068,0.4896568775709716,130.01663182008423,75,4,66,0,0,0
1598.2690983945513,69.66098539210404,33.0279890923915,0.37609472974733577,102.4305239731588,164,3,40,0,0,0
1666.5474444462577,79.75153795986787,45.51304359667725,0.7095843501809159,134.8491782718524,178,3,98,0,0,0
1601.4370065018131,83.55306686290963,62.14150637850413,0.6594442391749197,107.24824915848072,105,2,49,0,1,0
1315.9125768668355,74.47775390731265,66.07096114184915,0.5678946987762233,124.33366237928573,171,10,103,1,0,1
1372.0423033264299,74.15589138404995,38.138909699903834,0.418759765106258,113.93299865045732,155,3,85,1,0,1
1437.5181422304322,75.3502608155659,32.67894448101086,0.49509706591619634,115.62267496528749,179,2,199,1,0,1
1502.6091050210835,80.80939151304095,65.09401812531354,0.4839639918955169,135.3248595008102,130,6,78,1,0,1
1551.7659020469123,70.36323432904713,45.57619755915501,0.5330851304615578,99.19612560368205,169,4,44,0,0,0
1427.4256186846535,76.19184491367392,51.67043857070253,0.6451001438131336,158.90390148553865,101,6,198,0,0,1
1518.676676447708,79.87598814891214,68.72263248203035,0.5879417041137404,83.57827861411008,140,2,146,0,0,0
1424.4617067646677,77.50547084969922,32.66258911656892,0.39226239230152415,108.04664633490286,186,4,105,0,1,0
1438.8482197008052,75.94790808299372,55.93272029808382,0.6376496450019538,127.40423779883481,71,9,144,1,0,1
1359.3338903151778,80.00523046283571,32.964216902994686,0.5313132140013155,131.6862833287062,83,10,192,1,0,1
1407.6766753889096,61.48383853500381,45.018757138660014,0.5687065795858917,117.9904855885659,159,5,121,0,1,0
1364.8315394383667,78.38937659765453,62.15258180773787,0.6466540859278603,118.85218593996915,98,2,76,0,0,0
1402.4126747022667,71.72962158436287,47.338889310225376,0.3888419750486449,128.21100170655234,178,3,55,0,0,0
1605.364179660784,65.84683551571771,69.88729415611802,0.4964174421293537,115.3786104508464,122,7,111,0,0,1
1405.0601111168057,77.5560129976249,52.36237139786409,0.4468545448640785,147.8636251586981,133,6,92,0,0,1
1763.238206483739,81.86829272581478,42.84648610543814,0.3432140574634544,136.78698228463205,102,4,40,0,0,0
1549.3317900880888,74.31275742686154,38.804453036190125,0.534670997760492,137.4564870201127,149,2,169,1,0,1
1518.4836123694874,79.76437273601469,44.02082137144647,0.7511556551584424,100.67686553259166,173,7,5,0,0,1
1414.1642219818787,83.06139128994323,44.90133095038203,0.31599222554942474,118.41223151188595,94,6,196,1,0,1
1570.0309879408992,81.57457226792023,32.74854710895844,0.49677193889505294,113.99068102558593,186,7,97,0,0,1
1442.4362173762227,83.19982264685697,44.782967977070925,0.5640542935074774,99.88797248621069,154,7,72,0,0,1
1512.2009814645362,78.71063745535946,48.569540789569,0.5123078201656182,127.20328367891534,199,3,167,0,0,0
1756.0084538268795,75.37716819450796,58.909510089552185,0.488687194748426,109.24708484440367,195,3,40,1,1,1
1490.394010027535,66.99017094051416,56.269179388864316,0.3700783636554176,133.10807659700475,155,4,8,0,0,0
1614.9273326285677,73.76968755935026,58.350626209166165,0.5232786742940163,98.59616874211336,92,5,7,1,0,1
1429.6823574874113,70.78376702341905,30.334547275074286,0.4243236022984074,154.3808122568364,183,2,171,0,0,0
1496.5011509503038,85.85471358748907,38.706695983221444,0.28100782950214465,102.07334682815876,97,4,185,0,0,0
1677.080063563551,74.12057093783832,56.46737153599426,0.619459222051373,124.38604674400872,175,7,103,0,0,1
1437.3032942212233,75.61602403392243,49.35957472718989,0.5958385819842043,135.83718620776136,56,5,194,0,0,0
1681.244855799693,77.75742688020233,30.212539026733836,0.505166097685108,108.58719139599775,65,6,12,0,0,1
1570.7751935455476,75.21801223186228,62.17978569727289,0.5229074688205703,137.04937286865902,178,4,18,0,0,0
1443.7533224105732,83.47525520215376,60.91238293161349,0.6074318012715562,95.41632804399168,164,9,97,0,0,1
1563.240773905552,71.88675319132774,51.936766519742505,0.5224339656778083,149.0423539836512,86,2,95,0,0,0
1597.255444962673,75.97303727618622,32.65853303105089,0.5904017554761314,120.28298529931517,174,6,48,1,0,1
1562.1809962217196,71.28764707150975,60.66060198130339,0.47025177991261496,108.0717718406224,130,4,99,0,0,0
1342.9775280109543,68.39988744389647,53.348543509254554,0.6311983738573946,114.01636455145132,111,3,81,1,0,1
1427.2862824175131,71.94115454547358,61.278399086318366,0.5320785725932684,136.17838538785438,121,6,157,0,0,1
1475.2481364448495,74.81481601475794,60.06987969583362,0.5194051943605874,108.31089416299123,174,7,65,0,0,1
1492.5566570899953,72.8534888774137,62.12008287831348,0.3729938911287968,105.01284621154446,115,8,90,0,0,1
1562.0672097550678,71.53789510063072,50.72032265618499,0.5286955854301709,115.56926804832524,79,9,58,0,0,1
1517.7701000933255,67.96841268164083,35.6129807277406,0.4168045082505549,96.46075774460064,69,5,52,0,0,0
1366.4655641289899,74.58447213685653,56.84629893518755,0.4361717273471506,156.4108781588363,131,4,51,0,0,0
1538.0197851005964,67.476398129845,54.818951402078824,0.4184624371683879,108.67210817570553,156,3,80,0,0,0
1561.0585745283822,78.80027981844802,59.69012748796349,0.3933765068100775,136.63233572360807,181,7,158,0,0,1
1555.979044793104,75.41219876467251,36.795240242029415,0.7124771403016962,124.18940167295546,86,4,14,0,0,0
1608.078072555462,67.71224250267535,37.79900799601157,0.6331339061988404,100.30931899036064,181,8,120,0,0,1
1583.3922154548904,73.45395461475069,65.61638068877315,0.6920367502144261,119.88090581574541,126,8,147,0,1,1
1545.9180079228436,71.23921797204709,59.999111938082834,0.3777104980444436,135.68005558621496,138,1,4,1,1,1
1492.9834288541354,76.5958725520959,66.32913954801292,0.5071253749910892,116.23477329827386,195,5,134,0,0,0
1333.9039066484008,81.70225223011572,60.34861284655683,0.37064923747959044,143.86225891702057,137,4,17,0,1,0
1542.9618219132585,65.62413765177128,53.88621223961208,0.4304305122802936,140.43030785563727,82,3,55,0,0,0
1520.7687687163111,75.57513039573709,56.165309481114946,0.4081873016583425,138.3782970931666,107,2,74,0,0,0
1527.1578837195373,74.1993360221668,65.5651169576004,0.6239584006441562,110.80686455454006,77,8,95,0,0,1
1372.3251424179691,78.35670038225233,53.15227018047762,0.460377032189824,98.40315104437026,84,8,113,0,0,1
1391.8943459591737,76.06598314118844,55.295652973135496,0.6068379333694016,107.72824789274411,174,3,100,1,0,1
1605.3152853332904,71.2401533413059,36.25906864014402,0.5604120889588518,123.92481881333441,187,4,172,0,0,0
1496.0444846143346,73.4047303216669,48.95684880464411,0.7303638752104789,130.9157342706471,114,12,27,0,1,1
1568.1500697372624,71.01987071598255,58.655884478323955,0.3520555776860276,76.56857190479104,91,3,49,0,0,0
1502.8318376130462,80.38003569299299,40.83770793265462,0.6259233239786799,119.837735967765,134,3,1,0,0,0
1502.9756139495746,75.10655824335971,38.0901672209814,0.6146440870400728,123.16178450646369,186,4,67,0,0,0
1593.8283805975998,84.50595342876504,42.553072328976626,0.4026621161972965,114.44911487368897,160,3,127,0,0,0
1448.3955271782627,74.6966959309269,39.66002511971334,0.6007133336473159,145.8254767803176,64,4,76,0,0,0
1509.6120776940984,71.45796616544769,38.596505481455836,0.5336144963026229,128.43560148501743,118,6,23,0,0,1
1453.7724711294957,67.43142803693587,46.99403371472348,0.4772523740046592,146.20383816161794,154,4,111,0,1,0
1456.5503772567683,65.98430161872028,66.31354055534136,0.41760645130280005,115.68078959299535,199,3,175,0,0,0
1469.0827876531362,67.07932028497255,50.28238586954873,0.4280890548550814,138.7495498501385,113,8,172,0,0,1
1522.2133771633712,76.33563325505742,37.51681523261292,0.7049812095785926,152.70132789055037,90,2,118,0,0,0
1452.1251378336522,77.54362511614967,33.078866775234964,0.5000682818957483,146.23386898545323,120,3,185,0,1,0
1625.575612557352,67.09404648983933,57.84624580551701,0.5782130001531459,98.15716813142534,105,7,35,0,0,1
1410.5392697780496,79.47519157038057,45.31195057745551,0.4209100618332447,114.92647844915238,74,3,1,0,0,0
1481.3128355838642,72.58469474158281,62.873237863414374,0.42201470537783614,113.09670589100408,154,7,126,0,0,1
1456.0268941725826,75.73396505992774,56.380430745630804,0.6081984809249943,129.78509070152654,183,5,104,0,0,0
1644.6977884353732,83.06110314127713,61.84965802165474,0.3650423788448468,133.72707110029066,168,2,17,0,0,0
1519.6554776511575,79.48419657932766,40.87784157673795,0.45847862320947286,103.22214651948528,58,9,176,0,0,1
1603.1844539468634,73.65734676047084,57.69435689844232,0.5034027411072232,121.35677027833876,109,4,7,0,1,0
1351.4439626963028,70.54403887292357,40.56247938774875,0.5111372601840053,79.60145335687727,174,3,185,0,0,0
1526.705026586926,64.24092299335348,67.56273917801167,0.48209067149838436,148.8389001160378,98,1,14,0,0,0
1588.9630795623436,71.4042334037879,55.454971261334975,0.5395819781095923,109.75251518646613,100,2,144,0,1,0
1508.2283989275425,73.94434880586152,42.98047200701369,0.5692855755817812,121.11727879688993,119,6,22,0,0,1
1606.5480375065351,70.06410236424408,40.78047449169091,0.573463754545933,113.80700572023878,86,10,193,0,0,1
1448.2711549899627,74.34371516453848,37.63706340286574,0.40141961913321733,142.9205515002683,80,6,197,0,0,1
1640.934744018558,75.38425941479385,57.785638355749114,0.4715844902071203,63.24987117205242,111,6,92,0,0,1
1729.8898123619251,73.8757200909596,38.748624519917094,0.6194762861876938,119.66779315348182,142,2,154,0,0,0
1463.716143956034,71.7499870958827,53.812130637099564,0.5894647187573873,117.88362485004605,63,4,164,0,0,0
1455.4497478599228,75.84327335983363,40.585401077014296,0.36271405485189356,110.92727224816635,128,5,48,0,0,0
1645.3384477117702,77.20970324784705,56.478757791754745,0.5351479900352202,154.52453091271263,57,8,63,1,0,1
1657.9572145730713,69.54800461278577,62.59758914162157,0.30217747506251896,102.25341082288458,85,5,33,0,0,0
1447.7139972846733,82.05466189873135,61.121009725786124,0.5046934902060369,135.43592354471323,97,3,17,0,0,0
1457.9813182904143,74.50705933857869,60.43405323723127,0.6897767016745977,127.12505577412168,134,1,63,0,0,0
1471.8215391139493,75.09424811472424,37.50889622769008,0.40521072827310134,145.2303850507103,77,7,105,0,0,1
1365.5549488965723,78.54107211628279,33.535397879380746,0.41656769545084177,106.6562183044499,100,7,73,0,0,1
1408.13480535158,76.1660806563175,57.95795313949542,0.5764029781572859,105.34062201752482,153,4,101,1,0,1
1399.5859233247932,79.76568316956623,44.73388855177405,0.34571984847903536,141.92139814954797,150,4,171,1,0,1
1423.2202434895871,76.43562082600913,47.293849056133894,0.43672449701149607,128.5064261666022,78,4,16,0,0,0
1496.5315112613218,71.9378131267978,31.24596371173564,0.5596441137581752,89.10125306646484,176,9,186,0,0,1
1523.421473253652,76.8075176260305,40.38305797100197,0.4365714152310597,109.2138997107346,131,1,140,0,1,0
1655.0500492814076,69.28136896339669,31.34705615497856,0.47640300127890284,127.72765307696122,59,3,51,0,0,0
1400.164595926121,75.54279852888261,65.16743090404991,0.5744185710315035,136.7552844309318,155,4,187,0,0,0
1598.4322398476584,74.8338500467777,39.73586732874122,0.5421546083536561,106.41538693614089,50,3,169,0,1,0
1478.601115577449,73.9594157136373,52.293486782920326,0.5266818396295402,61.71488020366118,88,3,63,0,0,0
1495.0536290347568,74.35731244280535,31.559172826445216,0.4660877720729961,130.46446371474067,70,8,193,0,0,1
1567.4819492166603,65.5907547725118,56.67389565222632,0.5370061115268956,95.59358620112049,114,11,33,0,0,1
1387.72779784377,72.25637546129519,42.921093830163755,0.4876267319900243,79.65322403755178,64,4,94,1,0,1
1538.240974618405,75.46422450570557,65.91676747830664,0.5457805609925784,63.35348150031719,181,2,86,0,0,0
1516.6452208213057,75.799281959987,65.52472755736143,0.4503067974882022,136.2796172039548,110,3,198,1,0,1
1549.245126400815,69.8616242953702,43.01162473446991,0.4817431025620459,122.57234900809934,197,4,101,0,0,0
1528.9168643907817,81.3285392043235,66.03843582761871,0.4010042207447986,115.48687238575496,187,2,191,0,0,0
1745.5300139910894,70.66912575892749,69.84630693995115,0.4964992389993764,147.78048725925524,136,7,160,0,0,1
1436.2260015748684,79.84728600263368,63.016626564957924,0.41889991363711554,132.74649366046145,154,2,139,0,0,0
1446.9003044998183,77.13597180935842,63.794853910209156,0.38859535498380066,152.32600085443835,83,11,75,0,0,1
1437.6859473575237,71.76886345078098,39.9603494443636,0.5258661147855388,92.14529055666007,173,5,18,1,0,1
1444.4522880839745,83.87655446304755,53.06809595431025,0.521273977585766,119.30898752092072,159,5,136,1,0,1
1436.2612872693483,69.0318158412176,32.690236558694714,0.5782873734948573,87.66573250103971,82,4,73,0,0,0
1618.9016531107552,79.59577086805001,33.79671747286679,0.45688744304249007,115.41235336289066,147,4,144,0,0,0
1642.0504247989854,80.0029115902149,69.95570448133162,0.5408052846836756,115.02768292466645,110,4,49,0,0,0
1442.9253706250524,71.64689895461677,43.06556997703644,0.5550797572273664,132.53227274526142,59,3,38,0,0,0
1416.7644426895772,81.96232650032164,59.92735648195385,0.5444773807831594,120.91127762283797,133,5,168,0,0,0
1547.1415556386405,73.74976742700524,62.26660212107266,0.4174346317197858,132.46814276559832,114,9,137,0,0,1
1444.7776955719028,76.44346814639928,64.32093084028917,0.5149363482271189,134.0688026627779,126,5,11,0,0,0
1563.2931817755511,76.30160919385611,69.90513189608626,0.5364140296054661,163.09857354766285,50,2,78,0,0,0
1520.29230208513,74.32845629264726,39.65985941027471,0.5007178466907942,113.69406689427751,182,6,14,0,1,1
1348.4255885002767,79.05404136579891,31.61403307438799,0.2913522341628915,101.17954598667242,129,7,27,0,0,1
1654.7505201330061,78.96744360276107,46.44766071978344,0.516048962397348,124.92167230632818,64,5,131,0,0,0
1679.5877673095522,66.2573401338091,35.20322679315788,0.7212531039397242,103.95439945720913,77,7,35,1,0,1
1438.7211309515615,81.52170121439076,30.897035566482206,0.46399607312430174,149.63921536873073,72,7,118,0,1,1
1461.2298440064017,66.68754005982163,44.417073085659446,0.42719229021446786,114.33563922109535,158,8,64,1,0,1
1528.5865390724905,80.16273102170828,61.34953004300946,0.5373348559711398,108.6884726425202,156,7,97,0,0,1
1533.4456789987025,80.63352568413792,52.647227649002836,0.5312378210466572,110.57368557697764,194,3,46,1,0,1
1565.854427267283,69.54516784892401,42.51111956841416,0.6192735165416414,134.36834846943282,162,4,80,0,0,0
1701.020453876635,72.94592856022707,56.173680219708785,0.3742131844091112,116.84506033537029,147,4,38,0,0,0
1482.305277250595,69.47147665757032,39.28072721235243,0.5731380252574992,107.16666359739236,190,3,37,1,0,1
1420.1702755461547,73.92539484855632,30.575257842883403,0.5590422061251463,153.3070383524706,191,7,43,0,0,1
1362.0680771985474,73.4598285790713,60.574135457457096,0.4857853463059454,102.876603186765,188,7,178,0,0,1
1426.9069960058082,78.8983026613467,54.949723394560365,0.533868731792169,120.71132148065988,77,3,96,1,0,1
1496.6873027126203,81.55154373059804,60.4921049800384,0.6029457481598357,133.0461230322046,91,7,123,0,0,1
1679.4557863517787,81.97841905394978,31.557520667506623,0.587231538002845,87.37329779165853,148,8,25,1,0,1
1448.238870096383,72.18915986710849,63.48478511322609,0.38569806879262714,129.6052100281185,110,3,163,0,0,0
1522.37879516389,73.95389063127736,54.781048001452135,0.5820158186755484,98.897846490391,172,4,196,1,0,1
1498.3577103927248,66.58280903889525,52.535814028505605,0.49353113949674815,136.45565561668005,113,7,96,0,0,1
1618.8393273448085,70.97064966751906,54.984561924581264,0.5072874098015515,100.74697976162048,80,1,0,0,0,0
1752.6932425873622,79.8242581654873,64.57732987473457,0.5073196991001695,133.8553806369772,130,4,52,0,0,0
1446.913122707968,83.07791411774116,53.47746026235628,0.484975701120174,142.11666132589426,59,2,5,1,0,1
1451.0560557481779,68.82825564060039,53.23801519552717,0.6191707497107065,137.2287305126561,57,2,36,0,0,0
1604.416087706907,72.03767870423553,69.62716628263064,0.4916282040150788,125.02633296476205,198,5,1,0,0,0
1568.1891489626312,74.86797121520536,60.26920668274272,0.38804538716168313,115.373981141406,108,6,122,0,0,1
1684.6707325736033,76.40080579409803,47.69175221804541,0.46064701440302713,108.47160847330312,79,5,68,0,0,0
1558.3928185325965,70.95198240039177,58.29588000131711,0.5178694716810476,149.42069381634207,194,4,168,0,0,0
1464.070790921294,77.12030522232045,45.56921886767154,0.622921478429705,106.01009559664713,69,5,178,1,0,1
1559.0654830692308,72.63080326464542,39.15501849933996,0.5603094684948834,99.25867852860009,97,7,174,0,0,1
1610.8703580582908,74.9277386456086,53.874075075510376,0.4149464721252956,133.3073787006566,179,4,12,0,0,0
1582.0482181197365,77.73142124001849,67.12728392455806,0.7485189916678892,104.0772639362701,86,2,68,0,0,0
1550.7274031107297,75.03211134905469,67.1655808006185,0.5264775310977979,100.99873005067745,178,9,65,0,1,1
1606.6674689589154,72.81807054736716,43.67621112421961,0.6275390737999015,91.1279147566047,181,4,58,0,0,0
1616.9295590445672,74.45195098037084,51.1070986488678,0.4848285566422771,110.34180321078965,149,3,67,0,0,0
1638.2158991037527,74.55818520397332,38.46543594279445,0.5533359244705449,118.34569952207013,103,4,58,0,0,0
1564.8709887589644,73.14994485058936,69.82524437995534,0.5839468504518405,124.86183455321398,171,4,116,0,0,0
1483.2881919683145,73.70601968666449,69.24471631471744,0.6218194711754256,139.02612488598967,74,6,9,0,0,1
1514.6713686433322,82.99323585252358,55.980357188297894,0.6057368305378226,130.53795847331588,180,4,140,0,0,0
1620.6508966508356,77.8045972397062,62.17656238709893,0.5872197000072978,116.18255560893641,58,6,129,0,0,1
1418.3064329012764,73.5225984098542,58.604006451348,0.46849132688058914,116.0360864724056,83,9,14,0,0,1
1536.86733088729,78.48477202255368,53.72632876157873,0.44282539580439384,130.20314937830366,92,3,45,0,0,0
1460.666118767264,73.33090255121995,32.133919879555904,0.5332607510324198,145.4514032585714,123,3,184,0,1,0
1502.8744822934818,80.86562318793321,48.19057370210644,0.593312807234107,122.52628398966401,143,8,137,0,0,1
1627.8451862607299,76.84821096099047,56.99145208669642,0.4777279299223393,110.61738291579182,71,6,149,1,0,1
1519.1099068019903,74.46348927997886,57.101264555347385,0.6065171965714387,100.1426799782891,119,1,88,0,0,0
1504.6436548156148,77.23858462905139,44.92490473689534,0.6452616745486179,91.09589471175549,179,7,76,0,0,1
1364.0143859020081,67.1456192396575,67.66767946632123,0.408367908092658,133.32539344087047,143,5,135,0,0,0
1574.6253566027221,69.36616265545098,36.69428128947124,0.416307929620372,131.55957047279114,81,7,148,0,0,1
1564.5484181141076,69.03037496800472,50.01437784862242,0.48596249410946635,131.54727050213324,155,5,149,0,0,0
1716.325472330546,75.71471547381853,57.63535906203291,0.5307612668189197,117.42681107295888,193,2,109,0,0,0
1469.2221765047,83.66257499742545,57.88543223567237,0.4475432986232949,148.138694917835,50,6,96,0,0,1
1521.915032766394,86.15650073096316,55.94555827075262,0.6352202678867145,110.31763010830365,121,7,44,0,1,1
1524.9383683710755,78.19025550720379,41.01152853807441,0.5424066861518451,139.10538474414412,99,5,90,0,0,0
1657.7453279763474,77.50422237472229,36.24826274746488,0.5039447048240739,119.22514210020914,190,6,167,0,0,1
1490.4704467613049,65.99471132923631,55.437613073068434,0.35640904761314723,107.83298470641324,64,5,113,0,0,0
1527.902152577034,72.2866310013299,53.97208464557751,0.3684184183572493,131.85060614635523,102,6,149,0,0,1
1560.7896509716538,71.0610812404588,37.17424041156964,0.5281009250281806,128.19272237367989,57,3,157,0,0,0
1518.6609123156359,71.89576200874441,58.205565822822535,0.2867404373845164,127.13945518533852,123,4,189,0,0,0
1455.3566385449471,74.15928090707605,48.20687966934626,0.6012637409644072,121.62556844112397,95,5,72,0,0,0
1519.4089992898307,72.63954711151436,56.71042366412612,0.484184615562768,119.24213836566338,118,8,172,0,0,1
1607.3631749859771,65.10350094812107,63.49468319080603,0.8243092969594734,167.76743985740876,163,10,34,0,0,1
1397.348470058894,78.73955128058768,36.78913714307693,0.7307916250616111,143.68513290392346,196,5,41,0,0,0
1513.2969674146875,69.63628487130097,30.76579471987347,0.4818550930752483,134.45653789971024,172,3,132,0,0,0
1429.9879185060827,76.19623432055575,61.16410345583147,0.4893662997468685,122.23598316406776,188,7,26,0,0,1
1619.5046628924842,85.37041334874986,54.38789700610464,0.599558151400203,140.14314401193337,166,2,197,0,0,0
1347.6813095216226,70.40307704206788,57.98558278488487,0.6703172609918038,130.35989552782902,92,6,189,1,0,1
1444.1078152728412,62.348562386268355,63.5261989995457,0.3361970942563983,120.52409505548071,69,6,31,0,0,1
1537.721187506452,73.56997889059944,62.11243739298002,0.3213624534645313,113.9287134946817,197,6,135,1,0,1
1656.552402923434,80.50479817499286,68.43680587715298,0.4377965194445619,118.38165324674624,70,5,102,0,0,0
1493.4249738927012,84.79173727110297,51.43740315408473,0.5582737583173865,56.59148528243889,131,0,84,0,0,0
1444.4800473306802,68.85225202773792,49.53982530639621,0.5496873590507597,124.21201678595284,106,6,145,0,0,1
1688.115706944059,77.48349611618261,46.0754879956292,0.606977145498385,110.23047839779281,123,4,77,0,1,0
1355.1986099583755,72.67344771609973,36.14764171376818,0.38003024716346917,151.85339996565767,147,6,142,0,0,1
1280.119404337992,74.47025822847932,52.9042893152809,0.2683856137031123,120.38688141623508,159,3,153,0,0,0
1544.0014450053332,88.22171673508518,41.08050097303915,0.5858014195302146,96.22073160930077,164,6,180,0,0,1
1449.7945775647388,67.48514835802423,66.85230048851902,0.4171803727034765,119.00239691743765,91,3,43,0,0,0
1397.8767182869287,76.26869830747287,53.327632171083906,0.29815121356113616,99.07757829874991,117,5,31,0,0,0
1570.8356447299352,77.33846585882716,53.713607220324405,0.5145063745959382,129.46814831424933,119,2,27,1,0,1
1524.38007137712,80.42893162469673,44.196986435080404,0.5793175688218677,125.81894728678971,127,4,166,1,1,1
1443.5921369263272,75.48991576735447,32.0795740791083,0.4877942867878723,139.15679262216534,139,7,159,0,0,1
1371.9695601329106,76.54025269752051,31.269750614919545,0.45421516138175105,104.1823641661087,160,6,76,1,0,1
1587.2457328280145,73.04175716289105,46.933405766127905,0.48406377678540935,120.68016192456294,161,7,17,1,0,1
1565.020117795866,76.34563470622554,33.382615123889515,0.4629417237599217,92.6995640914673,152,6,102,0,0,1
1490.0824136220617,73.28403862251295,54.273878221605564,0.3651952888059833,134.02989563849428,194,2,69,0,0,0
1684.6636996047666,78.10785944928026,65.2389202255863,0.4285319323009568,130.37742360880245,68,0,118,0,0,0
1392.9915233673848,73.15194831978182,65.31659266074888,0.5521279905013814,129.9161004205514,119,4,138,0,0,0
1347.4474829075261,76.88550196951093,56.3618164052893,0.53216785413765,120.03238062713882,112,5,159,0,0,0
1430.8091930118755,74.85368593157511,38.449273258917245,0.516805980596682,128.29545781577582,124,2,147,0,0,0
1495.4413983644502,80.63025125386085,64.51987325435488,0.40048515181466204,152.08678216617193,153,3,96,0,0,0
1524.333944932269,74.74303138205757,65.44373741252832,0.4818496837864333,114.29811485915972,124,6,167,0,0,1
1475.876394214367,66.1348376589656,37.866143398118346,0.2822934953557145,122.77290367420169,177,9,135,0,0,1
1535.2055396514297,81.30960750356996,59.49704343082709,0.517847666388539,98.2774740163718,105,6,34,0,0,1
1374.8460575809556,70.47133849568691,41.46078195708492,0.6428857707813568,102.63478076803335,71,4,68,0,0,0
1644.376460407326,71.7311683067559,62.10561249411719,0.3525867867957894,121.95626586186614,138,2,125,1,0,1
1491.784882160743,72.02169352978254,69.8895159961441,0.44140723266822446,142.07867093403814,68,6,98,0,0,1
1611.7295831588128,81.87219046585409,31.201040213175713,0.532910677871013,114.87438351496856,75,7,77,0,0,1
1534.2725346377704,64.32162893010653,65.89463463163727,0.6252842634427483,115.28166941375753,72,2,148,1,0,1
1545.6753219153784,90.68874266829997,54.90522134394632,0.45517753836998504,111.86229510991251,96,6,110,1,0,1
1556.9767280232204,80.28028404533026,68.93530476659285,0.43077496707341034,109.30486658311354,62,8,151,0,0,1
1544.7708560017315,76.1161945706458,48.600380701057105,0.30310768575839164,125.89942911417643,115,4,16,0,1,0
1564.2722759867545,74.72552999691857,63.89551722285495,0.5103438129308107,90.05484709642711,193,6,145,1,0,1
1632.915253013243,76.42777037428829,32.49576274393109,0.7042076040143744,145.61879153333456,122,6,139,0,0,1
1519.652116970147,77.60561214189669,43.41116200313183,0.5277358461964676,106.69155403741078,126,1,143,0,0,0
1570.9003757588512,78.22607792975029,32.680661510048395,0.49777210208162864,134.43806970876284,80,7,3,0,0,1
1491.0264305712774,77.77802233001724,69.01372533916282,0.5322082310766986,94.60002805212248,134,6,161,0,0,1
1644.0117215449472,75.44790340627624,62.67895629087347,0.49889079960513977,133.37680261092436,108,5,91,0,0,0
1432.3607697940731,74.01330789846337,64.10189684983882,0.418698562773987,133.43889215628994,90,3,173,0,0,0
1680.0940432910816,74.24363358173244,67.51860925735576,0.5823279915677706,127.68404144011794,161,7,74,1,0,1
1495.9842049355657,74.0254585982366,33.40413944479141,0.5225761523111755,100.11142956400415,145,4,158,0,0,0
1356.9224897881952,80.66885048433532,45.42390370053333,0.5017613251933657,124.99096379196155,171,2,152,0,0,0
1512.810441491079,77.96778361140431,32.84139556176009,0.402463397272175,96.33887630531223,154,7,102,0,0,1
1431.8948342525118,60.2980568266786,38.431724062001145,0.630350793193476,114.94473489807629,123,5,23,1,0,1
1584.0643548988724,78.27950388264881,39.174631081506895,0.566470274533311,140.5882620191065,181,8,64,0,0,1
1434.737602069761,75.97368097359387,48.76428844190315,0.4447079162632698,135.93403854141485,148,7,116,0,0,1
1455.381656678522,74.90645621777051,40.742486698145704,0.6001824853681937,120.30365885080866,175,5,152,1,0,1
1311.0459269054468,73.05740773455557,34.039124272710445,0.45024291616147927,100.50386848154317,187,4,155,0,0,0
1454.7693680750924,80.62056359993007,36.69964356376431,0.4217996507488963,132.91175424348387,124,3,163,0,0,0
1257.6120673371042,79.73763231061429,35.89102254208364,0.4240296882519713,120.38762475396051,63,9,81,1,0,1
1341.6097176514277,71.13561166088195,68.92307191649193,0.3228931446911909,73.59368803539154,87,4,5,1,0,1
1576.0414656144299,77.03526143562267,60.37170027673895,0.5471542380418206,135.65259652633037,189,8,65,0,0,1
1578.5800158650832,70.14171632729357,68.71045861078248,0.316885512166165,119.51534332260616,94,4,66,1,0,1
1542.5457561784965,68.10190917605534,47.58961946031634,0.37715561687342375,144.04902495966144,194,2,71,0,0,0
1403.3023856870786,71.86641387705018,41.134739266506266,0.29244119909214666,98.0945896231439,124,2,94,0,0,0
1495.2288643858021,79.31196736191379,61.93172788836747,0.4913930307209107,56.465923736079986,78,5,47,1,0,1
1499.6397460909432,79.76562522688043,43.05015672164587,0.4849679539728128,125.5816771669037,67,8,69,1,0,1
1384.1635310807458,77.56542710048646,41.97533494821393,0.4673303786813636,125.83127353363946,69,5,77,0,1,0
1650.3398301767152,78.62547893423998,39.30023968831325,0.3957422305329424,86.18656744787097,63,6,66,0,0,1
1587.7362290575672,77.5808914355748,35.18715912896941,0.382776624656336,100.43000908266788,103,3,175,0,0,0
1477.9035826170336,71.79259202388523,40.25852244067064,0.5464369863546574,175.10435487439804,80,5,64,0,0,0
1502.688583899453,77.1596127233697,44.21278993895551,0.4449448068291512,113.88778771692394,107,8,171,0,0,1
1520.8382807947553,79.0020476261384,56.95976832582922,0.5316358321536144,134.61917952752432,153,4,62,0,0,0
1295.8265131575708,78.77145664906787,32.50259368877806,0.41147513138757774,106.98680345263233,177,5,45,0,0,0
1475.2822617479403,80.94456685737322,38.42027758661372,0.5181062742771082,78.19394202293687,74,1,146,0,0,0
1431.8015752002202,78.54151923600531,62.360945611667056,0.6303278037316064,116.59483506408189,68,5,191,0,0,0
1399.8379990105084,76.75724103770791,35.87687694335083,0.5586165800392784,114.6879087942779,185,6,72,0,0,1
1471.8899707114044,80.35075119158213,43.70580586090086,0.45875861817835195,112.00243522663257,52,3,70,0,0,0
1679.7686526849523,74.8673937037547,64.5863568743256,0.5257198970355927,117.70718328987215,135,6,109,0,0,1
1564.084286126701,70.5906267438614,36.197012445737705,0.4759334825469787,125.28536543291273,194,5,177,1,0,1
1442.8821010217202,74.18466518028119,33.3094734247276,0.5007880184694729,116.99766097492387,191,5,62,0,0,0
1557.258278135616,71.27548677596775,49.38151980320043,0.46743889478514966,94.71987664105272,58,6,40,0,0,1
